"id","num_amino_acids_in_sample","num_beta_amino_acids_in_sample","numberofAA","num_baa"
"Q03407",21,0,766,119
"Q12236",21,0,1081,104
"Q12181",12,0,623,127
"P14306",7,7,219,65
"P49775",22,11,206,40
"Q04344",21,11,158,40
"Q06146",23,0,321,NA
"P40959",8,0,511,23
"P54781",13,6,538,44
"Q03769",14,0,411,2
"P25358",30,0,347,5
"Q06704",9,0,911,NA
"P17649",19,5,471,75
"P54790",10,5,616,24
"P38112",15,0,773,78
"P35181",7,5,156,42
"P31755",7,0,480,53
"P25617",7,0,290,NA
"P05740",10,0,184,28
"P46990",10,0,184,29
"P05738",19,11,191,85
"P51401",19,11,191,86
"Q04299",23,4,284,32
"P39994",27,5,560,87
"P12630",32,16,587,171
"P00854",17,0,259,3
"P38754",9,0,138,33
"P06245",17,0,380,47
"P53067",35,6,1004,8
"P40553",9,6,215,38
"P36136",21,4,271,42
"Q08925",8,0,612,112
"P28791",21,0,383,9
"Q03705",12,1,181,20
"Q08932",19,3,381,6
"P38775",24,6,560,107
"P32802",12,12,667,100
"P38755",14,0,437,131
"P40559",19,3,946,261
"O14455",9,0,100,NA
"P40215",16,5,560,98
"P40893",14,9,198,107
"Q6Q547",9,4,58,16
"P07285",9,0,380,45
"P35723",36,0,206,NA
"P43555",26,8,445,114
"Q01976",12,0,231,85
"Q05015",13,0,223,41
"P22214",16,0,214,35
"Q07951",13,0,179,38
"Q03629",21,2,201,72
"P38323",12,4,520,44
"P38985",11,0,146,27
"P36046",14,0,403,2
"Q04651",25,0,352,111
"Q12108",16,0,567,77
"P43577",15,0,159,39
"Q6Q546",12,0,73,27
"P37838",10,8,685,129
"P00427",19,0,148,NA
"P46957",9,4,487,112
"P15731",27,0,148,29
"P48563",18,0,1636,7
"Q03722",13,6,664,50
"P53258",9,7,950,65
"P40018",8,8,196,45
"P27351",13,0,700,NA
"Q03323",14,0,175,NA
"P38170",8,0,754,9
"P36000",11,0,726,NA
"Q04500",10,0,899,NA
"P12753",8,0,1312,112
"Q03088",16,4,825,67
"P40545",10,4,261,62
"P53301",11,6,507,119
"P30665",9,3,933,163
"P53552",19,0,1597,4
"P36059",11,4,337,38
"P81449",10,0,96,NA
"P22336",10,9,621,233
"P40498",33,6,721,86
"Q12089",8,0,606,5
"Q06488",16,0,889,111
"P38805",13,13,295,83
"P53199",9,0,349,50
"P32388",16,0,137,33
"Q12151",10,0,913,2
"Q06096",15,0,861,NA
"P53953",15,5,876,154
"P38959",20,14,992,167
"P40554",13,3,99,35
"P36147",19,0,197,NA
"P38138",21,12,954,271
"P32656",12,6,232,60
"Q99288",10,0,334,50
"P33317",8,8,147,55
"Q99260",10,6,215,46
"P38063",17,6,326,78
"P54730",30,7,416,95
"P47061",29,1,822,4
"P53297",27,1,722,43
"Q04201",28,0,117,NA
"P38068",12,7,203,19
"P36009",12,0,735,115
"P39692",19,1,1035,198
"P53848",21,1,824,185
"P32495",8,0,156,20
"P34761",11,6,661,70
"Q03790",15,0,475,43
"P52893",32,8,592,69
"P32478",10,7,413,192
"Q12091",21,0,152,15
"P21672",38,0,869,99
"P38789",18,11,453,77
"P47122",14,4,385,34
"P35178",40,0,278,NA
"D6VTK4",14,0,431,9
"P38992",20,0,349,NA
"P56628",22,5,122,38
"P39704",26,0,215,62
"Q12267",13,0,1418,132
"Q04383",15,11,521,111
"P12686",20,0,339,6
"Q03361",17,7,876,60
"P43601",9,0,500,177
"P32799",10,0,129,NA
"P38821",15,4,490,112
"P20095",12,0,876,124
"P38071",39,12,380,93
"Q12434",21,4,202,79
"Q96VH4",27,4,193,29
"P20435",19,0,155,13
"Q04432",33,7,237,38
"P10664",16,0,362,36
"P49626",16,0,362,36
"P22696",10,3,170,43
"P24521",33,0,451,85
"P05749",50,20,121,35
"P25340",11,2,473,25
"Q03124",8,0,581,19
"P25515",33,0,160,NA
"Q03954",19,0,165,NA
"P40151",14,0,587,31
"P04037",20,0,155,28
"Q06508",16,0,300,59
"Q12362",22,15,591,147
"P05737",9,0,244,23
"P22579",10,0,1536,44
"P53081",38,11,288,55
"P32897",26,0,222,NA
"P39936",35,0,914,10
"P41318",14,9,303,160
"P38970",10,0,855,84
"P26784",47,8,199,22
"P53121",21,0,802,79
"P43563",23,0,287,15
"P45978",13,0,349,42
"P25342",28,0,322,68
"P33311",9,0,773,57
"P39685",10,0,1337,602
"O94742",12,0,89,NA
"P10356",21,5,443,55
"P52870",10,0,82,NA
"P50947",26,0,330,7
"P40210",13,0,489,17
"P50623",7,0,157,29
"P32767",19,0,1081,8
"Q06639",30,0,885,2
"P53378",16,0,473,82
"P53335",15,0,271,30
"P41920",23,5,201,64
"Q08581",20,0,821,NA
"Q04969",28,0,178,35
"Q08179",17,0,573,NA
"P46988",12,0,109,NA
"P04161",9,0,214,40
"P38244",15,9,976,165
"P06367",7,0,137,36
"P53337",12,0,310,NA
"P32908",14,0,1225,123
"P38129",38,8,798,173
"P47170",19,0,1584,331
"Q3E834",42,0,85,NA
"Q07657",12,1,551,68
"P40054",45,6,469,80
"P17629",19,0,752,NA
"Q05942",26,0,220,NA
"P20795",40,7,691,56
"P48570",12,0,428,49
"P48445",22,5,690,174
"P38122",17,0,312,44
"Q12242",18,0,671,83
"P06174",11,0,275,59
"Q05050",16,0,843,4
"Q12748",17,0,733,4
"P38749",14,0,330,10
"Q02199",49,0,472,NA
"P32492",18,3,1471,113
"P32477",22,6,678,83
"P32831",13,5,672,103
"P36108",9,0,232,NA
"Q06505",12,0,410,NA
"P19358",34,8,384,88
"P28789",32,9,327,85
"P38131",10,0,464,48
"P53270",9,9,476,190
"P32447",9,7,279,81
"P34163",10,0,548,52
"P40579",20,5,254,32
"P32566",39,17,505,41
"P33313",12,0,385,31
"P53012",15,0,380,4
"Q12305",15,0,139,18
"P25374",17,0,497,64
"Q06169",11,0,523,37
"P49334",54,0,152,NA
"P32458",19,0,415,66
"P32842",18,0,164,NA
"Q12329",23,0,375,65
"P53088",14,0,359,32
"P36168",9,4,1195,54
"P17898",13,0,393,2
"P53507",13,0,60,NA
"P53171",8,0,287,19
"P14922",26,0,966,6
"P40517",10,0,327,60
"P38169",54,17,460,103
"P39002",10,0,694,158
"P32591",19,0,825,4
"P11633",13,0,99,NA
"Q12033",10,3,661,14
"Q03305",22,0,412,57
"Q12455",23,11,300,85
"P38523",19,0,228,31
"Q03661",17,0,1658,73
"Q06506",11,0,573,192
"P25555",12,0,427,93
"Q12387",14,0,796,NA
"P38803",16,0,334,NA
"P28625",29,16,365,94
"P39101",14,0,391,NA
"P37370",23,0,817,NA
"P32835",13,3,219,49
"P47035",15,0,1189,30
"P48606",13,0,106,NA
"P22276",19,0,1149,270
"Q3E7Y3",9,6,130,46
"P53295",33,4,368,77
"Q08723",94,22,338,60
"P38237",18,0,781,172
"P25626",21,10,169,49
"P36069",15,4,295,37
"P25037",32,18,809,99
"Q07953",7,5,250,61
"P38792",34,6,359,90
"P25654",7,6,182,100
"Q08686",20,4,304,34
"Q08726",14,6,347,36
"Q12099",21,4,399,64
"P32570",10,0,121,NA
"P01120",33,0,322,40
"Q05931",27,18,657,165
"P38833",15,6,243,52
"P11491",19,6,566,52
"P19073",28,4,191,41
"P36006",18,0,1272,196
"P18899",145,0,430,NA
"Q03063",33,6,452,24
"Q12191",30,0,341,1
"P38827",8,4,1080,157
"P53946",9,0,755,77
"P32623",11,5,467,108
"P43554",10,0,623,83
"P48837",12,0,541,9
"P53073",10,0,190,1
"P40353",37,3,525,109
"P47045",30,5,478,28
"P38281",63,23,316,55
"P16547",14,0,393,6
"P32453",11,7,318,45
"Q03834",9,0,1242,157
"P26755",33,15,122,54
"Q08962",19,5,181,60
"Q06680",14,0,1035,6
"Q07688",13,0,167,NA
"P40059",14,0,670,NA
"P34248",28,0,587,9
"P53954",13,0,548,62
"P47135",29,6,1091,48
"P47031",9,0,731,15
"P40086",14,0,486,2
"Q12676",20,5,427,72
"Q03525",14,0,211,2
"P40348",25,0,353,27
"P26754",48,26,273,65
"P25808",26,5,606,72
"P53164",32,1,384,114
"P43619",7,0,295,61
"Q03799",14,5,155,52
"P40318",12,0,1319,45
"Q12060",11,0,488,6
"Q08199",16,0,421,30
"P46678",11,0,594,15
"Q08960",14,0,810,96
"P41813",9,0,862,95
"P21306",13,2,62,4
"Q12690",29,0,199,7
"P49166",17,0,88,8
"P51402",9,0,88,7
"P53094",7,0,1487,181
"P07866",15,0,1435,32
"Q03630",16,0,159,33
"P40007",12,0,231,12
"P22023",24,9,1365,242
"Q12496",50,0,1037,178
"P19146",39,14,181,39
"P38616",12,3,354,65
"P46992",27,11,396,134
"P47095",25,6,244,45
"P11076",53,18,181,38
"P23642",11,0,535,79
"Q03219",30,4,274,64
"Q3E793",24,7,110,21
"P38624",11,9,215,64
"Q12034",18,0,447,23
"P43561",9,4,622,209
"P32657",10,0,1468,116
"Q05933",30,4,178,5
"P40850",15,4,830,62
"P34240",9,0,503,NA
"P47165",45,20,209,49
"Q12010",10,0,308,NA
"Q12063",10,0,375,40
"P40989",33,0,1895,105
"Q02875",15,0,849,45
"P36103",20,0,277,NA
"P39706",13,0,426,174
"P36041",13,0,632,6
"Q12156",11,0,149,41
"P32335",14,0,436,66
"P53218",10,0,158,37
"P40070",11,0,187,40
"P22082",10,0,1703,76
"P38759",25,6,282,71
"Q05031",13,0,458,13
"P47017",7,7,172,48
"P32843",49,0,850,97
"Q12207",33,0,173,NA
"P24000",12,5,155,18
"P04449",12,5,155,18
"Q12122",20,6,440,51
"Q92317",14,0,146,2
"P47103",20,13,393,67
"P25361",12,0,127,NA
"P53123",7,0,320,50
"Q04739",17,11,417,80
"P40005",21,8,111,10
"P40516",13,0,257,55
"P40454",20,0,393,5
"P23595",18,6,377,61
"P80967",15,0,50,NA
"P53847",20,0,754,30
"P53900",30,5,129,6
"Q04632",19,0,607,NA
"Q12016",11,0,184,NA
"Q06107",14,0,315,NA
"P38806",22,0,282,7
"Q3E7X9",11,4,67,27
"P32353",32,0,365,NA
"P38307",17,0,211,7
"Q99385",17,0,411,NA
"P35183",12,0,429,100
"Q06632",21,0,1357,609
"P52891",41,0,726,NA
"P42938",8,0,290,42
"P11433",22,0,854,77
"P16622",45,9,393,54
"Q04322",22,0,720,NA
"P32349",16,0,654,55
"Q01217",33,5,863,182
"P38193",15,0,441,2
"P03872",45,0,296,3
"Q00362",15,0,526,177
"P53250",15,5,332,75
"P40056",16,0,285,NA
"P33331",55,13,125,60
"P25365",7,5,1065,294
"P40317",9,0,901,1
"Q07395",8,0,620,2
"P28273",54,9,1286,331
"P34162",11,5,210,66
"P32604",12,7,452,69
"P33307",102,0,960,NA
"P19956",11,0,98,25
"P06780",71,14,209,40
"P06781",11,4,192,44
"Q05874",61,7,261,65
"P46970",38,0,1048,NA
"P49017",26,0,307,55
"P06102",35,1,836,24
"Q07915",10,0,199,19
"P40037",80,29,129,40
"P35179",10,0,80,NA
"Q07979",15,0,502,37
"P36534",12,0,297,67
"P25386",27,0,1790,5
"P32523",10,0,503,168
"Q03429",18,0,123,12
"P53834",12,4,153,57
"P53829",12,0,373,NA
"P34243",12,3,683,118
"P53070",15,0,669,98
"P23292",17,0,546,55
"P39526",12,0,2014,NA
"P40481",12,7,377,60
"P38067",25,6,497,104
"P40518",43,0,154,NA
"P12385",122,28,437,110
"Q12427",14,0,513,13
"P43597",14,0,1233,138
"P06700",13,0,562,57
"P38929",14,0,1173,144
"Q02767",13,0,242,NA
"P22517",11,0,447,48
"P40582",30,0,234,20
"P07143",16,0,309,10
"Q06177",9,0,86,NA
"P35197",30,0,352,14
"P22855",10,6,1083,306
"P50089",9,0,785,75
"P18852",17,0,110,1
"P35203",15,6,478,73
"P47076",24,0,161,2
"P23291",22,0,538,58
"P43596",24,0,787,16
"P36037",40,0,715,204
"P38348",36,0,480,NA
"P48360",9,0,493,99
"P53317",13,0,196,NA
"P50102",10,7,471,114
"P40856",15,0,1058,5
"P53079",36,0,417,NA
"P16451",26,0,410,68
"P46676",24,0,1062,9
"P41896",8,1,400,67
"P38845",37,0,465,50
"P48524",11,1,976,201
"P32784",42,5,759,65
"P53877",23,13,555,182
"Q01159",14,6,459,116
"P32316",29,3,526,91
"P33775",68,8,817,93
"P32386",68,15,1661,141
"Q12406",21,5,477,85
"Q05543",23,0,409,NA
"Q01080",15,0,415,57
"P40540",13,0,141,4
"P41921",55,16,483,114
"P12868",31,12,1029,180
"Q99257",47,15,599,104
"P38688",37,0,640,NA
"P38225",52,7,669,151
"Q12100",15,0,620,50
"P25360",27,0,923,5
"P21373",11,0,530,116
"Q06708",21,0,880,NA
"Q12071",18,0,889,9
"P53114",8,0,1132,NA
"P33296",35,14,250,32
"Q04458",14,0,532,78
"P06244",13,1,397,47
"P38758",22,0,523,129
"Q12028",10,0,832,63
"P41819",21,7,318,44
"P33332",11,0,1336,53
"Q04493",35,9,163,20
"Q04781",23,0,1562,37
"P28000",40,9,142,27
"Q12283",17,3,360,47
"P53965",11,0,281,25
"P53154",28,0,560,1
"Q12341",7,0,374,88
"P17106",16,0,351,NA
"P47124",10,7,396,46
"P32342",27,0,167,21
"Q06350",15,0,511,79
"Q04472",15,0,501,1
"P39940",10,0,809,155
"Q02455",54,0,1875,NA
"Q12043",37,0,749,44
"P07703",12,5,335,110
"P32496",35,0,274,6
"P33753",18,3,639,160
"P38798",7,0,1089,17
"P32559",13,0,526,88
"P32644",17,0,1121,159
"Q3E798",12,0,87,NA
"P08004",14,0,1131,133
"Q03177",15,4,834,199
"Q08773",9,0,1120,68
"P32862",12,0,1170,1
"Q12429",18,7,685,180
"P31380",13,3,1131,68
"P38085",13,0,619,6
"P40208",11,0,455,5
"P53293",7,0,376,1
"P40557",10,7,701,102
"P47064",13,0,194,36
"P38198",7,0,1513,4
"P53734",12,0,629,73
"Q05934",23,0,901,69
"Q08484",11,0,637,NA
"P38988",71,0,300,NA
"Q05580",23,0,639,25
"P53941",8,2,290,84
"P38206",11,0,574,NA
"P38272",9,0,425,NA
"P21182",40,9,396,114
"Q12415",30,4,435,87
"Q02948",7,0,557,43
"P21243",44,12,252,63
"P38712",12,0,501,66
"P27515",8,2,501,93
"Q06218",47,0,594,68
"Q03496",9,0,1420,NA
"Q08299",14,0,606,NA
"Q01852",52,9,431,59
"P53192",25,0,235,NA
"P52488",18,0,636,74
"Q04177",40,15,643,190
"P32642",23,7,244,51
"P54784",15,6,914,139
"P53875",21,3,158,28
"P25631",35,0,222,NA
"P53173",38,0,138,NA
"Q12355",15,3,444,132
"P32500",46,1,655,4
"Q02206",11,7,625,42
"P50087",20,0,233,9
"P53333",25,0,577,1
"Q12166",33,8,604,109
"P53040",39,10,516,26
"P53909",21,4,347,39
"Q03503",8,4,176,66
"P47037",21,5,1230,113
"Q01574",10,5,713,143
"P49367",76,28,693,126
"P53172",61,10,527,75
"Q04264",31,0,1277,NA
"P38314",71,21,527,75
"P34227",11,4,261,49
"P53326",25,0,701,149
"P53874",15,3,792,100
"P50086",21,0,228,NA
"Q12055",9,6,197,28
"Q08732",11,4,759,53
"P36523",21,0,253,9
"P0C2H8",9,2,113,31
"P53617",12,0,575,44
"P46673",23,4,744,22
"Q00402",9,0,2748,166
"P10662",14,0,321,22
"P38910",57,25,106,40
"P39525",40,15,442,79
"P34226",9,0,696,NA
"Q03104",28,1,513,1
"Q03362",39,0,224,25
"P53045",51,0,309,NA
"P21375",14,0,501,87
"Q04869",52,10,349,90
"P33399",23,5,275,44
"P39726",37,2,170,44
"P24276",115,20,1250,220
"P38181",12,9,1502,203
"P25576",24,4,258,36
"P38121",7,0,705,102
"Q02932",33,0,1032,NA
"P47110",18,2,350,37
"P53076",15,0,958,94
"P23180",24,7,465,118
"Q06511",11,0,250,NA
"Q06217",30,16,110,45
"P33767",34,8,430,147
"P19812",49,1,1950,137
"P36051",19,9,919,55
"P38996",27,9,802,61
"P40015",27,17,477,89
"P09457",51,3,212,22
"Q08816",7,0,343,NA
"Q05881",15,0,355,NA
"Q06631",27,0,534,NA
"Q12386",30,6,881,105
"P38151",14,4,413,62
"P00546",14,0,298,45
"P52553",37,1,114,3
"P38630",8,0,861,47
"P53929",15,4,270,41
"Q01722",7,0,534,8
"P17157",30,0,305,45
"P21827",45,13,482,170
"P53878",71,5,407,41
"P40580",36,9,263,37
"P53196",13,9,417,201
"Q04080",23,5,534,105
"P34241",16,0,1764,27
"P22141",27,14,198,63
"P53011",14,12,349,154
"Q04119",22,6,674,82
"P40857",55,0,217,NA
"P54860",64,0,961,9
"P47130",11,1,423,17
"P32502",61,15,381,38
"P32259",42,3,974,272
"Q06252",93,31,201,63
"Q06682",26,0,500,48
"P39945",15,6,430,113
"Q08689",27,0,176,60
"Q99312",31,9,450,62
"P47089",27,0,198,34
"Q12502",11,0,818,226
"Q06485",25,0,197,NA
"P33297",44,6,434,53
"P42838",11,0,414,75
"P38182",18,6,117,25
"P38248",41,14,429,121
"P14120",72,16,105,19
"Q01477",17,13,912,111
"P04650",11,2,51,11
"Q02457",20,0,562,NA
"Q03516",27,5,953,33
"P47019",25,0,175,NA
"P17536",83,0,199,NA
"P53115",18,0,1489,82
"P36090",11,0,516,77
"P12962",45,0,161,3
"P35189",50,14,244,78
"P15179",11,7,658,162
"P25339",54,0,888,12
"Q02642",73,9,157,29
"P33411",11,0,251,1
"P05755",16,0,195,10
"P48836",26,0,114,NA
"P32356",77,11,751,72
"P21801",11,6,266,51
"P38913",13,6,306,28
"P52917",11,3,437,27
"P20485",21,2,582,47
"P38604",10,0,731,23
"P40533",41,8,473,74
"P10869",60,18,527,99
"P39929",15,0,240,NA
"P32590",36,2,693,172
"P36048",19,10,1008,214
"P34253",11,5,313,34
"Q02884",15,4,456,76
"Q06205",30,13,392,108
"P53273",7,0,1036,80
"P40368",39,13,713,180
"P39966",44,10,464,106
"P29547",102,4,415,69
"P38886",63,19,268,39
"P38837",33,0,291,NA
"P38829",19,2,231,21
"Q12270",17,0,262,9
"P42842",24,6,904,20
"Q06338",38,9,283,52
"P20459",56,24,304,73
"Q05785",22,0,613,6
"P32832",11,2,435,56
"P40347",13,7,161,35
"P46971",32,10,762,90
"Q12451",8,0,1283,168
"P25605",82,25,309,67
"Q08237",19,11,289,34
"P53185",15,0,909,NA
"Q12297",8,0,353,3
"P40064",51,10,1391,198
"P43585",27,0,828,91
"P38732",33,0,585,69
"Q12532",11,1,1038,148
"P53131",81,22,767,119
"P40362",18,8,594,177
"P09959",12,0,803,18
"Q08220",47,0,491,120
"Q12250",111,3,445,12
"P43621",34,19,546,155
"P32485",25,0,435,55
"Q07451",22,0,203,NA
"Q12306",40,15,101,29
"P28007",29,14,205,42
"P53379",20,10,596,189
"Q12271",57,12,1107,249
"Q08961",9,3,583,51
"P38903",31,0,757,NA
"P32634",31,0,1753,172
"P46948",28,8,246,75
"Q12008",8,3,311,40
"P35688",13,0,1017,66
"P38736",10,0,223,NA
"P32329",33,12,569,199
"Q07551",111,25,312,51
"P47018",58,21,478,68
"P39926",10,0,295,NA
"Q02785",39,16,1511,161
"P48362",27,0,394,NA
"P20448",26,9,770,74
"Q12009",23,4,286,51
"P48365",8,3,746,79
"P38080",86,3,1108,59
"P53233",8,0,369,49
"P29366",18,1,551,117
"Q05778",52,7,276,43
"P46985",36,0,422,58
"P18900",23,0,473,4
"P33334",36,0,2413,330
"P23059",23,18,88,41
"P38149",37,20,878,281
"P50946",28,5,238,22
"P27466",10,0,446,48
"P53228",11,0,333,34
"Q12453",39,0,761,41
"P19454",54,13,339,53
"Q04958",30,5,1679,203
"Q12255",36,0,253,49
"P53075",26,0,577,24
"P32855",75,0,1065,1
"P14906",60,15,663,70
"P08964",18,2,1928,124
"Q12402",8,0,180,NA
"Q02979",34,0,1223,123
"P04821",27,0,1589,56
"P04819",22,8,755,131
"P41734",7,0,238,26
"Q05021",11,1,590,59
"P25623",47,6,870,144
"P40986",37,9,491,66
"P08466",22,0,329,70
"P53155",27,3,381,58
"P20107",17,0,442,30
"P40350",13,0,334,51
"Q03330",10,0,439,72
"P49956",12,5,741,47
"Q02931",93,45,896,387
"P39969",11,0,1040,79
"Q03648",23,5,457,63
"P08539",7,0,472,37
"P40363",39,11,299,60
"Q06245",11,0,871,NA
"P40099",49,8,211,49
"P30771",17,1,971,160
"P18414",19,0,219,NA
"P36040",83,13,267,40
"P35728",15,6,441,50
"P32629",18,6,500,68
"P40339",17,0,323,26
"P53066",37,0,181,NA
"Q03337",34,4,283,25
"P47108",24,0,1174,NA
"P25572",9,1,119,16
"Q07716",68,7,390,60
"Q05946",51,29,817,339
"Q02908",18,3,557,105
"P32462",19,2,438,24
"P40093",76,18,338,44
"P53261",13,0,605,37
"P53899",8,0,274,42
"P52593",86,0,1655,23
"Q06630",10,6,226,30
"P87284",19,0,55,NA
"Q12179",12,0,454,80
"P40469",19,0,1032,NA
"Q03016",43,1,1276,64
"P16661",14,5,449,62
"P53332",68,13,305,52
"Q12377",22,0,434,12
"P40106",38,11,250,35
"P25371",28,5,1049,163
"P40468",27,0,2376,2
"P47127",20,9,394,127
"P54964",44,14,269,37
"Q07897",22,0,291,33
"P36775",97,12,1133,145
"Q06677",13,0,668,NA
"Q12241",20,0,283,NA
"P24031",28,0,467,66
"P40991",91,20,618,64
"P69850",9,0,94,NA
"Q07508",13,0,261,1
"P53281",15,8,241,32
"P09733",76,11,447,72
"Q12354",18,7,227,48
"P50108",33,12,393,46
"Q99383",40,4,534,59
"P42935",35,16,788,383
"P20604",11,2,311,61
"Q12038",18,10,1033,381
"P50085",54,19,310,61
"Q03103",49,5,563,20
"Q04235",13,1,462,104
"P34246",8,6,357,52
"Q02754",12,7,198,27
"Q12348",9,0,645,19
"Q04178",57,23,221,53
"P16892",33,1,353,48
"P36047",78,14,338,56
"P36160",30,8,344,85
"P41056",17,3,107,52
"P05744",17,3,107,52
"P50264",37,13,508,94
"Q02630",27,10,1113,72
"P20436",21,14,146,69
"P16664",31,22,663,197
"P14907",73,8,823,93
"P32898",23,4,989,183
"P19263",46,6,1082,218
"Q04430",13,0,367,82
"P32639",23,0,2163,314
"Q04062",59,0,393,18
"P52490",26,6,153,26
"Q05515",87,54,481,191
"P46681",32,9,530,103
"P23638",92,34,258,67
"P11938",60,1,827,21
"P47039",20,5,444,56
"P53183",40,3,348,42
"P40164",12,0,858,59
"Q12697",27,10,1472,219
"P38747",19,0,307,22
"P50278",19,3,321,54
"P37262",36,9,315,50
"P53973",20,6,706,95
"P36151",13,8,352,53
"P54000",23,7,292,29
"P40087",71,0,428,91
"P43123",58,5,477,97
"P35176",60,22,225,66
"P06787",70,3,147,11
"P32476",127,23,496,114
"P06100",15,0,191,30
"P32352",29,0,222,61
"Q12746",48,11,312,82
"P53839",37,9,350,52
"P40008",27,9,231,41
"P40066",15,9,365,159
"P53137",11,0,624,3
"P35732",45,0,738,2
"P07274",43,13,126,43
"P53039",29,0,248,NA
"P25303",15,8,377,110
"P32771",38,7,386,94
"P47133",10,0,292,NA
"P25847",78,20,964,169
"Q03102",36,13,365,108
"P53893",35,5,1110,223
"Q04013",82,0,314,NA
"P38986",66,23,381,72
"P22213",37,12,666,69
"Q08144",10,0,397,NA
"P52489",10,4,506,114
"P38779",32,7,376,58
"P38203",13,8,95,34
"P38853",25,9,1164,153
"P21734",27,5,215,29
"P23287",14,0,553,77
"Q05905",42,27,244,123
"P46680",120,60,615,311
"P32472",34,17,135,59
"Q06449",15,0,215,30
"Q03782",9,7,492,47
"P32598",74,9,312,66
"P32319",30,16,1579,568
"P32178",48,0,256,NA
"P14020",96,30,267,44
"P36008",150,16,412,72
"P42937",10,0,148,21
"P38692",42,0,1080,46
"P43582",38,0,211,14
"P39011",17,0,633,NA
"Q06179",12,0,2628,758
"P53008",30,8,833,152
"Q03761",12,0,539,2
"P38427",71,14,1098,135
"P11353",84,16,328,71
"Q08193",43,9,484,67
"P21524",100,17,888,102
"P04076",61,0,463,16
"P38337",13,0,142,NA
"P47047",114,3,1073,139
"Q12199",15,5,356,102
"P32466",73,0,567,3
"P38065",38,10,1025,116
"Q04409",71,21,500,88
"Q12522",31,4,245,80
"P53169",8,0,641,NA
"P53163",32,0,194,14
"Q03264",27,9,515,105
"P31334",32,17,269,86
"Q02793",40,18,397,177
"P46683",20,0,200,NA
"P06777",48,14,1100,108
"P50861",70,13,169,29
"P40159",99,0,199,NA
"P17883",47,0,1432,NA
"Q04600",32,5,565,120
"P35184",33,16,431,193
"P38698",23,19,397,75
"P36120",25,4,742,77
"P53691",155,27,371,66
"P32793",19,7,468,101
"P38325",26,0,134,NA
"P22007",44,0,431,3
"Q12458",90,17,312,53
"P20424",70,5,541,37
"P53334",41,9,386,41
"P32794",49,8,780,125
"Q05567",55,12,589,58
"Q12029",69,12,327,21
"P00572",38,5,216,27
"P22147",128,4,1528,246
"P54003",19,0,302,11
"Q06408",127,29,635,97
"Q03778",17,9,218,65
"P38355",25,0,427,NA
"P38968",162,35,1273,171
"P53009",15,0,804,54
"P15436",14,0,1097,213
"Q08230",15,0,162,3
"P46995",11,0,733,86
"P38627",117,11,578,99
"Q06624",59,4,347,69
"P53145",34,8,640,55
"P32332",32,0,324,NA
"P13185",32,0,1064,57
"P32565",149,0,945,30
"P38081",34,3,501,48
"P14904",162,37,514,110
"P39729",74,28,369,81
"P09440",146,33,975,172
"P15274",71,8,810,67
"P49435",58,15,187,49
"P25343",20,0,265,NA
"P0C268",14,0,59,NA
"P25367",67,0,405,NA
"P53889",103,24,259,83
"P53883",16,15,403,74
"Q06106",72,25,887,146
"Q12446",18,0,633,62
"P53136",28,9,463,177
"P40501",19,0,490,NA
"Q99369",24,1,266,34
"Q12196",20,0,484,54
"P38234",61,16,210,33
"Q04603",14,0,196,1
"P00899",74,16,507,148
"P37012",95,21,569,106
"P40506",61,20,365,55
"P32445",49,28,135,57
"P40341",21,5,825,61
"P38230",36,15,334,89
"P23594",25,7,369,61
"P38804",11,0,111,16
"P41911",75,12,440,44
"P32791",22,5,686,81
"P11914",28,6,482,74
"Q08965",21,5,1183,185
"P15790",8,0,372,54
"P25491",96,29,409,113
"P20133",29,0,325,7
"P32901",7,0,601,7
"P42943",117,22,550,77
"Q06678",27,14,367,64
"P00410",30,14,251,66
"P36017",52,20,210,47
"Q06523",69,0,435,NA
"P30619",42,5,724,79
"P06738",86,15,902,115
"P40471",52,6,297,37
"Q12017",18,5,286,32
"P36152",21,1,348,44
"Q06679",54,29,776,330
"Q08959",20,0,321,53
"P53303",59,12,486,140
"P53633",32,0,176,3
"P53111",47,8,347,47
"P43603",65,10,459,107
"P38930",24,0,258,23
"P41543",82,39,476,218
"P21147",58,9,510,15
"P39010",31,1,764,9
"P06785",85,24,304,65
"P42940",16,1,261,71
"Q04066",35,8,261,37
"P05373",28,4,342,47
"Q06010",43,1,1027,202
"P22217",65,20,103,30
"Q05029",72,6,724,59
"Q08601",31,5,432,52
"P39540",20,0,310,NA
"P20433",47,0,221,12
"P29478",13,8,273,26
"P38130",25,0,404,43
"P38629",45,0,340,26
"P33416",147,25,811,80
"P38197",36,14,257,46
"Q03774",64,20,444,174
"Q05979",73,2,453,70
"P40457",17,0,1679,15
"Q05123",19,0,467,70
"Q3E795",12,0,98,4
"P40098",34,8,244,64
"P47068",124,13,1157,120
"P32452",8,4,334,104
"P27614",133,30,576,110
"O13585",7,0,888,8
"P38113",15,13,351,97
"Q00416",8,0,2231,145
"P38070",10,0,525,47
"Q07505",52,13,273,58
"P38328",74,39,384,176
"P14832",127,51,162,64
"P40515",25,0,155,NA
"P08456",10,1,276,1
"P25043",54,15,261,74
"P40088",22,0,404,NA
"P39111",64,20,118,25
"Q12144",7,0,273,NA
"Q99207",20,0,810,2
"Q06336",10,0,557,69
"P23201",23,0,1466,NA
"P32857",18,14,523,53
"Q04217",27,7,1267,158
"P43593",78,26,499,130
"Q08645",57,5,548,68
"P29465",8,0,1165,135
"P39904",13,0,641,1
"P00830",278,63,511,94
"P06782",34,0,633,83
"P43609",98,2,557,17
"Q12154",65,3,354,43
"Q12044",22,4,265,26
"P53318",26,16,479,106
"P09547",9,0,1314,17
"Q12220",25,7,943,340
"P53091",21,10,1017,161
"P32340",82,17,513,98
"Q06543",35,6,272,35
"P06101",54,0,506,10
"P36161",33,7,1157,226
"P53010",8,0,1115,315
"P38177",19,9,466,95
"Q01329",25,0,785,NA
"P38813",19,6,335,44
"Q12500",28,0,764,64
"P14741",44,5,305,39
"P23776",64,7,448,56
"Q03529",14,0,384,32
"Q12102",17,0,859,178
"Q12462",22,0,236,1
"P31383",185,0,635,NA
"P48582",28,0,844,10
"Q05788",30,0,311,59
"Q01802",18,0,451,57
"P43321",9,3,101,39
"Q07623",23,7,225,24
"P53254",58,21,1237,172
"Q06833",29,8,770,141
"P53731",74,22,342,62
"P50095",84,16,523,98
"Q02725",25,0,835,87
"P25644",63,0,796,7
"Q04213",9,8,475,38
"P47075",100,11,721,92
"P40970",45,13,561,84
"P31384",29,7,837,113
"P37296",39,0,890,59
"P25045",83,19,558,70
"P53141",8,0,149,11
"P46682",23,0,809,NA
"P47096",34,17,177,68
"P28321",16,8,313,51
"P19881",31,3,312,53
"P53238",14,1,335,11
"P29509",129,46,319,95
"P42942",54,20,411,82
"P47104",15,0,1357,383
"P46951",8,0,817,3
"P25451",42,19,205,68
"P40012",36,0,539,103
"Q12335",137,24,198,32
"P17555",132,16,526,92
"P39076",48,4,527,70
"P37302",129,38,537,102
"Q03835",25,11,250,51
"P53312",67,15,427,90
"P27476",87,22,414,62
"P32368",105,57,623,167
"P12904",32,15,322,68
"Q06489",125,33,411,71
"Q08971",35,2,146,3
"P36081",21,1,392,97
"P23724",41,16,241,65
"P38840",55,7,513,67
"P38810",81,12,929,169
"Q03246",9,8,237,47
"P53063",27,9,387,99
"P00445",144,57,154,61
"P25375",85,9,712,48
"P53969",18,8,484,225
"P53200",7,0,248,34
"P38961",14,4,392,52
"P07260",103,16,213,50
"P39993",33,4,1459,8
"P40462",90,23,946,209
"P20081",95,41,114,45
"P32457",10,0,520,68
"Q08951",17,0,932,NA
"P38795",98,15,714,111
"P24279",64,13,971,161
"P38271",7,3,328,87
"P89886",57,26,181,52
"P00128",17,0,127,NA
"P33299",56,3,467,56
"P48525",15,1,536,53
"Q04373",36,0,656,7
"P54783",46,9,526,117
"P35207",25,0,1287,147
"P15367",25,5,167,41
"P38850",13,3,1070,106
"P46959",21,6,383,96
"P49687",23,0,1317,62
"P25719",40,26,182,66
"P33322",116,28,483,102
"Q06706",148,37,1349,336
"P07702",169,15,1392,191
"P53130",17,0,126,NA
"P25087",113,18,383,51
"P47119",66,16,197,49
"P23248",33,0,255,67
"P33442",34,0,255,69
"Q12490",28,0,1755,243
"P38883",44,0,763,7
"P36049",31,0,427,NA
"Q01476",62,17,1272,174
"P47077",50,0,666,NA
"P41814",61,17,478,82
"P17709",120,20,500,91
"P53723",83,7,404,68
"P02406",40,7,149,16
"Q99216",14,0,274,41
"P36018",35,17,234,48
"P34216",168,0,1381,8
"P32333",29,0,1867,73
"P18239",109,0,318,NA
"P01123",64,11,206,45
"P39960",173,0,2167,66
"P40319",68,2,345,2
"Q12349",27,0,124,NA
"Q02648",17,4,567,124
"P38295",96,16,451,73
"P32474",16,6,517,101
"P49954",96,23,291,73
"P32895",81,23,427,72
"P47143",200,58,340,79
"P36519",27,5,292,44
"Q02486",12,0,183,NA
"Q03161",111,56,297,133
"P38340",20,2,232,51
"P40032",74,21,644,151
"Q05040",22,0,523,155
"P00927",140,31,576,103
"P34221",52,19,468,104
"Q12513",12,0,150,NA
"P53622",277,72,1201,327
"P40509",68,0,296,NA
"P43132",32,6,505,126
"Q06689",51,0,675,1
"P04456",50,12,142,23
"P46956",60,16,311,54
"P53327",45,16,1967,318
"P40513",37,0,266,44
"P52911",43,8,562,56
"P07284",197,27,462,92
"P21576",179,17,704,49
"P34110",12,0,944,12
"P04051",52,20,1460,183
"P35719",19,0,219,NA
"Q04225",58,14,511,176
"O13535",69,13,1793,240
"P04806",185,46,485,89
"P53860",30,3,351,30
"P32179",24,4,357,69
"P39517",137,30,506,67
"P12754",113,13,651,40
"P53852",114,3,767,65
"P15454",97,19,187,41
"P38077",35,17,311,28
"P03871",10,2,373,69
"P06786",74,12,1428,241
"P53551",23,0,258,NA
"P38116",84,16,183,39
"P47771",40,10,506,104
"P13382",7,6,1468,215
"O13563",41,16,156,53
"P54885",89,31,456,94
"P52918",26,0,1224,NA
"P38701",76,20,121,42
"P38013",157,46,176,50
"P41057",10,2,56,3
"P30605",27,0,584,NA
"P00815",322,56,799,151
"P38221",20,0,457,NA
"P09734",72,10,445,70
"P09032",43,13,578,113
"P25294",84,15,352,74
"Q12074",137,35,293,89
"P39714",114,28,382,97
"P37254",24,7,787,229
"P36010",49,7,153,30
"P20967",128,22,1014,129
"P22133",53,10,377,67
"Q02795",32,6,286,68
"P43638",10,0,1398,81
"P80428",30,0,489,83
"P32621",47,3,518,107
"Q08287",14,0,484,83
"P12612",149,13,559,65
"P21825",8,0,274,32
"P57744",12,0,87,NA
"P61830",39,0,136,NA
"P32769",71,22,611,173
"P38626",81,22,284,85
"P38426",86,11,1054,133
"P31412",151,32,392,58
"P02994",300,128,458,167
"P53741",19,0,515,84
"Q04228",44,8,584,64
"P07560",34,4,215,45
"P34223",62,5,423,54
"P40422",27,0,70,14
"P36013",144,8,669,52
"P15625",168,34,503,100
"P53920",51,22,997,396
"Q12136",40,0,610,NA
"Q03750",20,0,510,1
"P22936",9,0,367,41
"P00431",36,4,361,17
"P39079",123,5,546,73
"P39986",187,53,1215,215
"Q06168",29,0,426,67
"P38787",83,20,379,65
"P14743",8,0,455,112
"Q12159",52,21,226,36
"P40089",70,34,93,43
"P32481",180,67,527,174
"P49095",95,28,1034,122
"P38075",37,18,228,83
"P15873",57,29,258,119
"P29468",20,0,568,91
"P46367",89,18,519,116
"P53927",23,8,220,35
"P05759",17,7,152,53
"Q04660",58,6,807,168
"P32583",31,0,406,1
"P24280",72,4,304,30
"P39015",174,0,273,NA
"P05739",37,9,176,39
"Q02326",38,9,176,39
"P39985",87,0,1022,NA
"P46982",31,5,586,67
"Q08954",8,0,240,19
"P38691",19,0,1029,53
"P53978",45,3,1044,125
"P33327",69,0,1092,146
"P32454",168,47,952,185
"P07263",98,30,546,94
"P32449",148,23,370,56
"P53100",25,4,379,55
"Q08444",12,0,459,53
"P43589",19,7,448,113
"P02557",207,45,457,79
"P40414",35,0,161,NA
"P40075",152,32,244,61
"P45818",32,5,564,67
"Q12165",48,18,160,55
"P17076",29,4,256,18
"Q02776",41,10,476,44
"Q06078",117,25,939,337
"P15700",79,13,204,25
"P40202",10,8,249,109
"P40541",21,0,1150,1
"P34760",174,40,196,47
"Q08641",68,2,628,72
"Q06672",12,0,205,3
"P00729",49,1,532,80
"P20447",68,15,523,65
"P40217",59,35,347,174
"P53925",29,0,644,48
"Q12285",55,8,212,33
"Q08977",115,0,551,2
"Q00055",101,7,391,46
"Q12040",21,0,230,43
"P07347",12,7,238,59
"Q07527",76,0,1436,37
"P07267",106,42,405,156
"P00812",35,4,333,53
"P25618",11,0,953,109
"P52286",71,7,194,11
"Q99189",25,0,972,NA
"Q00245",47,2,231,45
"P89105",73,0,1077,10
"P53881",35,0,309,50
"P13663",212,56,365,81
"P22138",103,11,1203,293
"P49723",222,2,345,2
"Q07878",148,36,3144,1233
"P39727",29,10,415,119
"P46675",37,0,888,NA
"P00359",144,49,332,95
"P00360",169,58,332,91
"P00358",115,40,332,94
"Q08746",29,9,203,18
"P38879",74,19,174,27
"P02309",53,1,103,1
"Q06385",118,0,345,18
"P32288",73,14,370,82
"P32568",50,16,1501,148
"Q03921",131,0,1698,NA
"P30657",111,31,266,65
"P16370",42,15,318,86
"Q04439",109,34,1219,195
"P20051",52,13,364,71
"P38713",48,7,996,236
"P36015",49,9,200,39
"P34087",29,16,171,90
"P38137",41,1,543,138
"Q06629",12,0,674,35
"P38199",96,25,381,65
"P13517",77,5,287,73
"P19524",197,16,1574,118
"P02992",135,43,437,145
"P36144",18,13,274,65
"P41811",277,99,889,324
"P53550",49,5,970,41
"P38863",15,4,823,34
"P11484",61,37,613,173
"P40150",61,38,613,174
"P14843",77,20,370,51
"P42826",28,4,600,120
"P25655",150,0,2108,2
"P53629",10,2,642,34
"Q12449",63,23,350,111
"P04046",156,47,510,117
"P27680",17,0,312,60
"P38431",138,4,405,34
"P25044",11,0,335,69
"P25373",56,16,110,19
"P00937",87,11,484,101
"P05453",98,45,685,166
"Q08162",77,15,1001,244
"Q04511",13,0,668,194
"Q03034",30,3,503,117
"P38061",31,9,130,13
"P28707",23,8,216,52
"P38911",63,22,411,103
"P10659",34,8,382,88
"P38836",62,8,430,66
"Q04175",175,0,944,NA
"P17505",68,10,334,66
"P41277",157,25,250,40
"P23254",339,42,680,83
"P53912",108,19,376,90
"P38891",156,51,393,113
"P16603",159,22,691,137
"P38217",107,0,918,NA
"P07277",67,9,443,88
"P47117",74,22,449,83
"Q06287",73,13,252,61
"Q02892",62,5,647,42
"P38932",20,7,577,67
"P28495",52,17,268,73
"P47102",14,0,1408,10
"P23561",10,0,717,85
"Q3E7Z5",10,0,69,NA
"P47912",166,34,694,162
"P29952",127,38,429,123
"P32892",114,31,752,66
"P32597",59,9,1359,65
"P28834",82,10,360,61
"P35691",87,32,167,47
"P25582",21,0,841,58
"P31382",41,8,759,90
"P13298",116,26,226,45
"P52910",255,45,683,146
"P43590",63,4,535,74
"P47001",18,10,227,66
"P28319",56,29,239,64
"P16649",67,23,713,175
"P19414",147,41,778,146
"P04840",207,127,283,179
"Q06497",72,0,328,NA
"Q01662",114,27,387,69
"P40212",29,0,199,6
"P38817",50,28,585,68
"P47131",66,0,105,NA
"P25567",181,7,434,22
"P39007",43,10,718,41
"P54858",26,0,310,4
"Q07938",11,7,337,70
"Q06673",16,0,1274,25
"Q12018",16,0,815,43
"P38912",47,17,153,32
"P41940",226,76,361,104
"P35844",63,7,434,131
"Q01560",105,35,414,54
"P32911",76,22,108,30
"P15992",126,25,214,58
"P07170",134,13,222,26
"P05030",108,47,918,123
"P07172",71,18,385,53
"Q03656",21,0,742,66
"P53235",151,63,642,224
"Q12745",16,0,709,1
"P38109",27,6,508,77
"P39078",169,23,528,70
"Q12114",78,24,671,107
"P26783",171,6,225,7
"Q05359",9,0,219,74
"P32521",59,1,1480,5
"P05374",49,10,869,84
"P38144",76,6,1129,71
"P08678",32,3,2026,286
"P38707",321,88,554,143
"P46989",30,16,271,60
"P38286",61,17,347,32
"P05756",80,0,151,NA
"P38009",272,63,592,97
"P28272",143,26,314,57
"Q12118",87,0,346,NA
"P32600",55,0,2474,54
"Q01532",101,2,483,66
"Q02046",99,17,320,44
"Q03195",145,25,608,106
"P32501",75,22,712,126
"O13547",19,0,238,NA
"P17423",85,15,357,73
"P80210",200,33,433,87
"P38628",76,7,557,102
"P07283",126,35,254,57
"Q04947",116,0,295,NA
"P32469",116,38,300,57
"P53152",13,1,137,32
"P25369",66,0,354,NA
"P47008",20,0,294,30
"P09880",20,0,827,180
"P05743",10,0,127,45
"P53221",10,0,127,44
"P38811",53,6,3744,60
"Q06608",33,7,200,67
"Q12754",113,1,1228,2
"P07256",138,23,457,80
"P15703",60,13,313,49
"P32790",34,14,1244,155
"Q02959",16,5,697,52
"P40477",44,11,1460,240
"P02400",97,0,110,NA
"P18759",100,14,758,132
"P38139",12,7,375,53
"P33302",258,50,1511,150
"P43556",14,0,714,27
"P37020",9,0,779,36
"P31787",42,0,87,NA
"Q12464",88,15,471,94
"P53256",9,0,223,76
"P29704",85,0,444,NA
"P38793",44,19,499,111
"P36148",43,10,743,64
"P05626",38,0,244,NA
"P34222",29,6,208,24
"Q07830",10,7,1017,60
"Q08412",37,0,411,NA
"P07245",523,92,946,164
"P14065",13,5,312,48
"Q02821",113,0,542,NA
"P10591",127,42,642,172
"P32610",48,0,256,20
"P21242",51,16,288,71
"P48015",84,30,400,131
"P33298",55,0,428,61
"P12688",74,0,680,115
"P38250",50,0,946,25
"P10507",19,0,462,78
"P32558",140,11,1035,253
"P11412",75,19,505,97
"P40327",47,10,437,60
"P33338",109,0,968,NA
"P31373",177,32,394,65
"Q04697",57,0,403,34
"P39676",230,31,399,77
"P39931",35,1,234,4
"P47054",96,0,1683,11
"P41805",93,23,221,56
"P38353",146,8,490,17
"P28274",137,18,579,98
"P34730",45,0,273,NA
"P23639",70,20,250,62
"P29311",88,0,267,NA
"Q05911",247,11,482,15
"P17695",24,0,143,19
"P16387",164,14,420,33
"P11745",106,9,407,42
"Q08208",28,8,459,61
"P21304",60,17,576,166
"P10080",89,23,294,67
"P32939",60,23,208,45
"Q12314",70,17,213,38
"P53330",42,0,157,11
"P27810",43,8,393,44
"P37898",205,34,856,193
"P39954",198,27,449,75
"P21954",112,30,428,77
"P41807",148,0,478,NA
"Q05016",102,13,267,41
"Q12265",72,19,496,75
"P30656",39,19,287,68
"P22202",68,11,642,170
"Q03262",28,0,622,97
"Q04491",133,73,297,158
"Q12480",59,12,344,90
"P40495",82,10,371,64
"Q05506",272,29,607,60
"P21538",18,0,810,NA
"P32614",182,26,470,87
"P40010",70,6,520,36
"P48415",54,0,2195,50
"P50107",27,13,326,109
"P54861",89,14,757,48
"P38858",53,6,249,48
"P50109",18,0,593,27
"P07257",75,31,368,86
"P15019",196,22,335,36
"P02829",125,26,709,116
"P22137",660,94,1653,189
"Q12447",108,26,191,62
"Q03497",54,0,939,46
"P40482",197,42,926,153
"P49167",41,9,78,29
"P06169",343,50,563,78
"P32527",111,0,433,NA
"P40693",54,10,322,25
"P38694",83,21,644,99
"P32660",14,1,1571,197
"P07251",178,42,545,96
"P12695",145,41,482,119
"Q12109",173,17,432,30
"P25293",142,14,417,54
"Q00764",128,31,495,82
"P32191",49,9,649,114
"P50101",12,0,1230,361
"P38555",46,18,223,45
"P36114",81,0,725,7
"P00931",364,61,707,107
"P19262",50,16,463,129
"P39683",53,2,429,77
"P34077",13,0,839,8
"P07342",203,35,687,88
"P40531",227,0,326,NA
"P39742",53,0,193,NA
"P32626",25,1,227,33
"P53868",10,5,555,33
"P40548",17,0,159,NA
"Q06451",38,0,622,2
"P38205",116,23,684,129
"Q12117",33,0,320,8
"P22515",352,72,1024,174
"P38264",94,2,188,2
"P27692",109,22,1063,204
"P38902",21,6,120,25
"P39109",59,5,1515,125
"P33201",64,28,236,56
"Q12024",65,26,460,191
"Q04305",113,30,513,160
"P40474",10,0,542,1
"P38885",49,7,310,55
"Q06214",28,11,492,152
"P53943",34,0,586,NA
"P23641",169,0,311,NA
"P38861",67,21,518,148
"P05694",348,57,767,98
"P23542",219,32,418,55
"P19211",67,38,157,77
"P23301",98,48,157,78
"P23202",64,8,354,18
"Q06440",62,16,651,181
"Q12324",36,0,675,NA
"Q12211",50,6,544,73
"P46672",174,28,376,74
"P38777",52,17,243,33
"P32327",115,19,1180,203
"P11154",33,6,1178,203
"P38972",583,101,1358,304
"P28241",132,26,369,63
"P54839",158,44,491,97
"Q03640",217,89,1545,494
"P42941",26,6,309,69
"P32468",42,6,407,74
"P47818",69,0,322,NA
"P43588",65,18,306,59
"P41810",222,25,973,110
"P00330",155,43,348,95
"P41058",8,2,56,3
"P15646",138,38,327,77
"P53290",29,6,341,69
"P39522",278,41,585,80
"Q12743",14,0,341,8
"P40016",43,0,523,12
"Q04894",166,43,360,93
"P38631",144,13,1876,96
"Q03280",122,0,3268,57
"P47044",16,0,245,32
"P33333",28,12,303,36
"P38120",10,0,278,35
"P32915",95,7,480,18
"P35180",30,0,183,NA
"Q12518",10,0,454,2
"P39968",140,0,578,NA
"P06103",214,100,763,259
"P48589",118,21,143,25
"P32916",36,5,621,78
"Q03690",434,41,1277,112
"Q02939",34,0,513,65
"Q08217",27,0,1101,163
"P16550",212,40,321,69
"P54113",121,27,591,96
"P39077",180,23,534,73
"P12684",41,8,1045,91
"P35817",25,0,686,2
"P12683",29,0,1054,124
"P40303",51,11,254,59
"P07991",158,30,424,74
"P32337",349,5,1089,12
"P11632",30,0,93,NA
"P53090",306,49,500,65
"P43535",122,32,752,118
"Q08745",40,4,105,15
"P53549",26,15,437,62
"P54838",243,31,584,77
"P32608",64,6,588,98
"P47160",26,0,408,2
"P17891",25,0,233,NA
"P04802",209,60,557,119
"Q05027",32,0,157,NA
"P20449",158,28,482,70
"P36060",41,5,302,75
"P05750",176,45,240,59
"P09436",524,89,1072,197
"Q03048",87,34,143,43
"P69771",10,0,204,NA
"Q08822",12,2,631,126
"P22146",81,13,559,71
"P39976",166,41,496,101
"P47176",157,45,376,116
"Q06891",31,0,181,NA
"P38132",13,2,845,161
"P30822",187,8,1084,10
"P53252",153,0,339,NA
"Q12230",118,0,341,NA
"P15303",218,54,768,171
"Q05775",60,0,265,NA
"P40510",50,5,469,78
"P08566",310,63,1588,261
"Q03532",105,17,505,67
"P47154",47,4,453,14
"P40094",29,0,801,NA
"P14540",272,37,359,42
"P38115",116,15,344,54
"P06704",8,0,161,11
"P33892",768,0,2672,2
"P32582",297,60,507,86
"P26637",409,42,1090,152
"Q12000",23,0,345,4
"P40047",38,5,520,115
"P37291",324,41,469,56
"P32875",73,15,414,52
"P37292",121,28,490,56
"Q07381",87,27,788,191
"P38737",108,0,1868,4
"P08524",154,0,352,4
"P53276",74,17,713,204
"P04050",269,46,1733,213
"P05318",54,0,106,NA
"P39105",12,0,664,55
"P07264",154,39,779,141
"P21264",255,68,571,127
"Q06705",44,0,408,32
"P50094",153,27,524,94
"Q99258",47,3,208,41
"P40069",525,0,1113,NA
"P32499",71,0,720,76
"P29453",33,4,256,19
"P32861",257,84,499,135
"P16474",193,58,682,174
"P48231",26,17,1178,416
"P36016",62,19,881,173
"P16140",344,76,517,92
"P25574",63,27,760,303
"P35127",13,7,236,52
"P39743",62,0,482,32
"P09232",50,19,635,79
"P32588",73,15,453,87
"P40825",434,98,983,194
"P38682",10,1,493,17
"P10614",181,12,530,45
"P38715",91,22,327,45
"P00950",179,23,247,29
"P08417",152,5,488,39
"P43616",241,42,481,95
"P21951",49,3,2222,414
"P40364",42,1,252,51
"P38875",12,0,610,208
"P81451",25,1,68,3
"O14467",46,0,151,4
"P40053",81,15,627,93
"P28777",150,42,376,76
"P0C0V8",16,8,87,30
"Q3E754",16,8,87,30
"Q12680",486,82,2145,350
"P13188",226,47,809,148
"P35194",77,0,2493,NA
"P10081",282,47,395,62
"P32497",201,1,812,9
"P25635",15,11,923,333
"Q08985",78,19,325,49
"Q06151",59,17,350,92
"P38066",12,3,345,68
"Q03940",118,35,463,91
"P04801",249,54,734,189
"P05319",37,0,106,NA
"Q12460",187,21,504,32
"P29469",28,0,868,151
"P39107",48,24,395,79
"P41338",168,33,398,79
"P15424",87,28,664,78
"P32379",125,31,260,64
"P33401",121,27,570,108
"P30624",155,25,700,167
"P21965",80,3,375,63
"P14742",95,22,717,160
"P53844",27,3,350,29
"P06208",107,21,619,116
"P47120",133,0,325,NA
"P00958",270,18,751,91
"P07213",122,0,617,NA
"P07806",406,85,1104,187
"P00447",91,7,233,27
"P47079",279,25,568,66
"P39958",181,44,451,104
"P34160",73,0,861,6
"Q12499",222,8,511,35
"P38716",21,3,378,57
"P37303",135,20,387,47
"P07149",923,169,2051,392
"P11792",14,0,824,136
"P53184",81,14,216,38
"Q01454",23,14,927,308
"P20606",150,27,190,38
"P32528",48,11,1835,419
"Q00955",809,202,2233,484
"P40302",110,28,234,65
"Q12466",70,15,1186,428
"P35193",19,0,415,113
"Q07844",34,4,837,58
"Q04067",79,17,274,51
"P38249",256,2,964,11
"Q03558",253,25,400,48
"P32602",75,0,292,NA
"P14126",159,61,387,126
"P38791",240,37,387,41
"Q12389",62,15,995,87
"Q03973",18,0,246,NA
"P33734",165,45,552,136
"P32264",73,22,428,83
"Q08225",86,20,711,105
"P38697",74,18,523,94
"P09064",83,7,285,36
"P38219",206,44,394,68
"P38999",135,17,446,90
"P29496",18,11,775,156
"P23615",149,17,1451,145
"Q05636",20,1,305,83
"P53914",80,26,1056,141
"P60010",258,59,375,79
"Q12019",216,22,4910,384
"P15108",182,35,705,120
"P18562",106,24,216,57
"P53981",106,17,241,41
"P32381",89,28,391,81
"P16120",251,34,514,76
"Q12125",24,0,312,3
"P07246",149,55,375,96
"Q08421",83,0,412,NA
"P36421",191,17,394,36
"P05317",122,26,312,49
"P24783",133,28,546,67
"P38720",265,26,489,37
"P31539",432,46,908,85
"P38764",192,0,993,43
"Q05022",328,124,1729,505
"P38260",83,0,290,NA
"P46151",18,6,657,93
"P33330",225,39,395,55
"Q06685",49,10,1146,161
"P23644",122,40,387,186
"P13433",15,0,1351,82
"P32471",134,46,206,46
"P48439",34,6,350,35
"Q96VH5",35,0,97,NA
"Q12176",109,0,1025,2
"Q01855",70,17,142,29
"P38333",71,0,483,NA
"Q06103",39,0,429,8
"P03965",123,18,1118,205
"P17255",594,143,1071,287
"Q08818",23,0,692,NA
"P04807",350,73,486,88
"P39744",38,0,710,NA
"P09950",59,9,548,59
"P54115",327,66,500,114
"P35724",18,0,969,40
"P38708",298,78,688,164
"Q86ZR7",50,6,236,29
"P32787",24,3,269,50
"Q02792",17,0,1006,87
"Q06494",52,4,345,38
"P08518",124,33,1224,285
"P31688",147,29,896,156
"P32463",28,0,125,NA
"P06105",426,110,1222,273
"P49089",168,43,572,115
"P22803",51,12,104,28
"P39533",70,16,789,161
"P16861",442,69,987,165
"P32419",76,15,343,66
"Q08245",56,0,113,NA
"P32599",264,0,642,4
"P40185",109,35,145,37
"P27616",187,55,306,76
"P38687",91,1,599,18
"P38825",54,0,639,NA
"Q12068",52,7,342,49
"P26786",96,26,190,51
"P39104",8,0,1066,64
"P38788",289,87,538,172
"P32563",176,37,840,62
"P15624",215,56,595,154
"P15565",45,9,570,98
"P53598",125,23,329,62
"P00890",131,16,479,20
"P40961",87,10,287,68
"P12709",385,58,554,73
"Q10740",63,11,671,124
"P32589",349,78,693,169
"P10592",128,29,639,174
"P14682",13,0,295,28
"P15891",176,12,592,63
"P10964",236,14,1664,177
"P26785",63,9,198,25
"P33204",60,22,171,35
"P49090",173,47,572,115
"Q04371",88,9,470,40
"P00942",169,33,248,39
"P11075",124,0,2009,1
"Q99287",39,5,776,48
"P0CS90",295,61,654,167
"P22203",110,14,233,20
"P20434",41,6,215,40
"Q03655",43,7,524,93
"Q01939",78,7,405,59
"P26321",196,41,297,46
"P34167",116,10,436,32
"P48164",84,21,190,51
"P32324",597,164,842,225
"P04147",350,68,577,122
"P42945",175,0,1769,NA
"Q08972",260,14,1196,132
"P38088",277,77,690,141
"P38768",9,0,344,84
"P38934",166,0,470,NA
"P38174",49,0,421,106
"P38623",19,4,610,57
"Q04636",99,45,552,178
"Q03862",130,31,593,130
"P27809",84,5,442,40
"P32074",191,28,935,127
"P39935",190,0,952,3
"P06634",244,43,604,71
"P32377",84,25,396,87
"P39990",91,16,126,19
"P53738",38,8,135,29
"P00549",424,94,500,111
"P38998",62,23,373,63
"Q06142",313,0,861,NA
"P19882",311,38,572,71
"P07278",35,13,416,85
"P53733",22,2,91,16
"P43583",79,0,2143,20
"P53742",36,6,486,58
"P12945",132,0,854,NA
"P00817",212,64,287,88
"P40413",127,11,562,66
"P09624",246,59,499,121
"P07244",460,88,802,185
"P00925",209,30,437,83
"P00924",122,15,437,84
"P07259",990,194,2214,401
"P07262",177,20,454,71
"Q12452",73,4,347,50
"P53313",68,0,767,NA
"P39730",339,89,1002,165
"P46655",379,78,708,154
"P06197",11,0,220,NA
"P32366",156,0,345,NA
"P31116",219,41,359,75
"Q12692",44,0,134,1
"P32473",239,32,366,58
"P40024",187,34,610,127
"P06168",242,46,395,47
"Q12344",19,0,894,NA
"P33421",11,0,198,NA
"P00498",168,59,297,95
"P25349",109,23,247,31
"P00560",345,60,416,64
"P38625",277,65,525,125
"P10622",45,0,106,NA
"P25443",166,43,254,64
"P32628",102,2,398,28
"P38011",240,119,319,159
"P38689",77,20,320,77
"P16862",546,97,959,159
"P19097",920,93,1887,245
"P17967",278,59,522,108
"Q07478",184,37,446,64
"Q12363",100,42,437,183
"P32263",169,24,286,37
"P14747",27,4,604,66
"P46969",105,20,238,42
"P16521",589,57,1044,129
"P25694",461,68,835,112
"P23337",46,17,708,77
"P27472",35,8,705,70
"P15705",165,0,589,NA
"P15180",208,47,591,128
"P09938",217,2,399,2
"P50276",23,0,574,17
"P38915",42,10,602,176
