Sequence,N-term cleavage window,C-term cleavage window,Amino acid before,First amino acid,Second amino acid,Second last amino acid,Last amino acid,Amino acid after,A Count,R Count,N Count,D Count,C Count,Q Count,E Count,G Count,H Count,I Count,L Count,K Count,M Count,F Count,P Count,S Count,T Count,W Count,Y Count,V Count,U Count,O Count,Length,Missed cleavages,Mass,Proteins,Leading razor protein,Start position,End position,Gene names,Protein names,Unique (Groups),Unique (Proteins),Charges,PEP,Score,Experiment ST168.THF.A,Experiment ST168.THF.O,Experiment ST169.DMSO.A,Experiment ST169.DMSO.O,Experiment ST170.But.A,Experiment ST170.But.O,Intensity,Intensity ST168.THF.A,Intensity ST168.THF.O,Intensity ST169.DMSO.A,Intensity ST169.DMSO.O,Intensity ST170.But.A,Intensity ST170.But.O,Reverse,Potential contaminant,id,Protein group IDs,Mod. peptide IDs,Evidence IDs,MS/MS IDs,Best MS/MS,Oxidation (M) site IDs,Taxonomy IDs,MS/MS Count
LNTLEDSQESISSASK,______________________________,NTLEDSQESISSASKWLLLQYRDAPKVAEM,K,L,N,S,K,W,1,0,1,1,0,1,2,0,0,1,2,1,0,0,0,5,1,0,0,0,0,0,16,0,1707.8163,Q05543,Q05543,12,27,RTT103,Regulator of Ty1 transposition protein 103,yes,yes,2,2.77E-07,164.13,1,,1,,1,1,32965000,10196000,0,10302000,0,11664000,802400,,,15237,2511,16299,58731;58732;58733;58734,79709;79710;79711;79712;79713;79714,79709,,,6
SSDELDPSSSVYEENFK,KMHHNVCAMKMRFDKSSDELDPSSSVYEEN,DELDPSSSVYEENFKTISKIGNMAKDIINE,K,S,S,F,K,T,0,0,1,2,0,0,3,0,0,0,1,1,0,1,1,5,0,0,1,1,0,0,17,0,1931.8272,Q05543,Q05543,174,190,RTT103,Regulator of Ty1 transposition protein 103,yes,yes,2,5.67E-12,182.25,1,,,,1,,15336000,8575600,0,0,0,6760800,0,,,22243,2511,23909,85469;85470,115247;115248;115249;115250;115251,115250,,,5
TESSPVEALVLPQK,IFSKQVVNDIERSLKTESSPVEALVLPQKL,KTESSPVEALVLPQKLKDFAKDYEKLVKMH,K,T,E,Q,K,L,1,0,0,0,0,1,2,0,0,0,2,1,0,0,2,2,1,0,0,2,0,0,14,0,1496.8086,Q05543,Q05543,133,146,RTT103,Regulator of Ty1 transposition protein 103,yes,yes,3,0.062977,36.954,1,,,,,,40621000,40621000,0,0,0,0,0,,,23394,2511,25135,89607,120755,120755,,,1
WLLLQYR,NTLEDSQESISSASKWLLLQYRDAPKVAEM,ESISSASKWLLLQYRDAPKVAEMWKEYMLR,K,W,L,Y,R,D,0,1,0,0,0,1,0,0,0,0,3,0,0,0,0,0,0,1,1,0,0,0,7,0,990.56509,Q05543,Q05543,28,34,RTT103,Regulator of Ty1 transposition protein 103,yes,yes,2,0.015813,99.511,,1,,,,1,29262000,0,4674900,0,0,0,24587000,,,27321,2511,29366,106494;106495,144420;144421,144421,,,2
