"id","numberofAA"
"P38631",1876
"P40989",1895
"P22147",1528
"P33302",1511
"Q03834",1242
"P08539",472
"P12904",322
"P06169",563
"P25847",964
"P06782",633
"P02994",458
"P28240",557
"P41277",250
"P32485",435
"P53104",897
"P46946",345
"P38766",723
"P31378",399
"P32791",686
"P39013",349
"P32478",413
"Q03497",939
"P32944",819
"P19145",602
"P10081",395
"P32324",842
"P21192",770
"P46993",209
"P47117",449
"P22768",420
"P29311",267
"Q06333",122
"P47068",1157
"P53082",120
"P53958",396
"P38910",106
"Q00362",526
"P54783",526
"P47064",194
"Q01896",1091
"P25300",642
"P35203",478
"P32468",407
"P53974",638
"P53286",410
"P48582",844
"P53838",576
"P40580",263
"P39113",1433
"P04817",590
"P07245",946
"P37366",393
"P0C155",581
"Q03654",590
"P47096",177
"P42884",376
"Q03798",255
"P25371",1049
"P08019",549
"Q12048",136
"Q08965",1183
"P47040",408
"Q07457",700
"P33306",851
"P53841",131
"P32504",956
"P19073",191
"P24869",491
"Q06702",301
"Q99299",758
"P47182",288
"Q08361",143
"P50275",885
"Q06159",398
"P17555",526
"P13517",287
"P32323",725
"Q02804",198
"P40351",577
"P40024",610
"P21306",62
"P38346",545
"Q08754",746
"P39713",417
"P38041",980
"P39969",1040
"P39724",118
"Q12128",409
"Q01389",1478
"P38720",489
"P31383",635
"P38113",351
"P40353",525
"P40518",154
"P15703",313
"P25627",275
"P38822",633
"P25385",244
"P15202",515
"P38042",758
"Q08032",650
"P47112",604
"P14180",963
"P36012",229
"P38265",245
"P24871",460
"P43549",646
"P81449",96
"P39981",480
"P38995",1004
"P32451",375
"Q08235",291
"P09798",840
"O13547",238
"P13365",580
"P07246",375
"P53068",250
"P33204",171
"Q12674",1656
"Q12500",764
"Q12349",124
"P38278",337
"P41832",1953
"Q3E793",110
"Q06150",570
"Q07660",1125
"P25656",391
"P32457",520
"Q00955",2233
"P53730",551
"P53178",202
"P04076",463
"P38110",2787
"P32453",318
"Q06631",534
"P53727",317
"P40013",344
"P53226",547
"Q08280",497
"P48558",297
"P06787",147
"Q12239",342
"P33891",701
"P33315",681
"P23254",680
"P31688",896
"P53099",579
"P35127",236
"Q08438",674
"P40157",782
"Q05946",817
"Q02792",1006
"Q07379",328
"P87280",109
"Q05016",267
"P39991",1188
"P32793",468
"P53107",440
"P32580",737
"P35200",230
"P54787",451
"P34110",944
"P0C5M5",37
"P39999",101
"P53061",704
"Q2V2P1",62
"P38833",243
"P43551",465
"P40167",298
"P33202",1483
"Q12059",462
"Q12132",391
"Q92331",675
"P36017",210
"Q12472",1770
"O13571",109
"P25044",335
"Q12270",262
"P42073",533
"P38339",666
"P38145",238
"P50861",169
"P29539",1916
"Q12690",199
"Q12672",160
"P14126",387
"P0CH08",128
"Q12250",445
"P50106",137
"P23250",407
"P26783",225
"P53732",153
"Q08281",1341
"P32605",298
"P53266",389
"P22224",910
"P51534",789
"P40479",209
"P53438",785
"P53955",656
"Q04174",516
"Q12216",726
"Q03954",165
"P53207",620
"P34226",696
"P07236",462
"P38340",232
"P07991",424
"Q99220",542
"Q99380",36
"Q04734",239
"Q12511",572
"Q02969",394
"P50091",288
"P06738",902
"P19657",947
"Q99216",274
"P41909",870
"P31244",790
"P01119",309
"P32864",603
"P38206",574
"P06780",209
"P21672",869
"P53893",1110
"P38066",345
"P26321",297
"P22353",238
"P02381",398
"P36517",319
"P38902",120
"Q02933",434
"P40011",234
"P38771",230
"P25632",483
"P34758",872
"P53304",468
"P38858",249
"P25380",463
"P40210",489
"Q04359",397
"P40511",975
"P06843",333
"Q12286",268
"Q07351",490
"P40454",393
"Q9ZZX8",53
"Q9ZZX7",96
"P11938",827
"P48743",811
"Q00453",211
"P25378",209
"P32338",300
"Q06103",429
"P04051",1460
"P51862",1356
"P0CX56",146
"P10662",321
"P46654",252
"P38814",852
"P40510",469
"P42948",560
"Q08446",395
"Q08817",791
"P00447",233
"P46965",94
"P52286",194
"P53135",668
"P06701",978
"P33300",382
"P25604",385
"Q12427",513
"P33894",931
"P53177",273
"Q06991",263
"P06777",1100
"Q12021",506
"Q05672",457
"P40043",161
"P33312",244
"P05743",127
"P29453",256
"Q12224",676
"O13516",197
"P42847",217
"P20840",650
"Q06245",871
"P40357",651
"Q12529",373
"P24280",304
"Q06132",899
"Q07953",250
"P56508",79
"Q08457",257
"Q06217",110
"Q02260",146
"P53032",299
"P53598",329
"P43554",623
"Q04048",859
"Q03640",1545
"P42938",290
"P23255",1407
"Q12069",462
"Q12211",544
"P32901",601
"P38876",190
"P38953",406
"A0A0B7P221",28
"Q03446",210
"Q06709",432
"Q12090",404
"P25560",188
"P23796",513
"P51998",286
"P20435",155
"P40470",206
"Q08417",382
"Q02608",121
"P50278",321
"P10870",884
"P40485",686
"Q12483",233
"P50263",79
"P46954",829
"P39932",569
"Q05937",343
"P38705",446
"P48231",1178
"P40413",562
"P18412",486
"P36029",618
"P38205",684
"P20676",1076
"Q02890",363
"P05375",206
"Q12459",698
"P32522",965
"Q04373",656
"Q12221",1075
"P39994",560
"P10862",487
"P32628",398
"Q12044",265
"P32849",1169
"Q12362",591
"Q02685",241
"P53875",158
"P32910",317
"Q04225",511
"P0CX48",156
"Q06488",889
"P38344",393
"P39531",840
"P53972",490
"P38232",338
"P39729",369
"P53879",331
"P38127",377
"Q03441",430
"P32561",433
"P25359",394
"Q05942",220
"Q05043",376
"P26786",190
"Q99314",248
"Q12464",471
"P53064",558
"P40486",507
"Q00416",2231
"P39709",593
"Q04491",297
"P22214",214
"P25365",1065
"Q05567",589
"P32364",656
"P35207",1287
"P20048",519
"Q3E752",67
"P31376",625
"Q04658",369
"P38869",228
"P13130",326
"P36145",328
"Q12199",356
"Q12513",150
"Q02939",513
"P21264",571
"Q02772",108
"P28708",518
"Q9ZZX9",128
"Q03792",727
"P05749",121
"P04456",142
"P87262",121
"P10664",362
"P35718",212
"Q06511",250
"P23248",255
"P38990",1142
"P35179",80
"P33759",307
"P53172",527
"P39707",275
"P53012",380
"P42933",373
"P38324",304
"Q12034",447
"P25808",606
"P53823",222
"P43544",222
"P07560",215
"P37297",1900
"P25344",346
"P32613",152
"Q03750",510
"P38129",798
"Q03525",211
"Q04751",285
"Q08920",208
"P36010",153
"Q08444",459
"Q02629",959
"P35845",1188
"Q06149",701
"Q02785",1511
"P52553",114
"Q04430",367
"P11491",566
"P41903",349
"P36159",838
"Q05635",350
"P38192",103
"P17065",759
"P40073",367
"Q07657",551
"P53009",804
"P34250",1132
"Q04487",196
"Q03707",834
"P39543",234
"P36057",244
"P32342",167
"P39706",426
"P25613",283
"P11076",181
"P50277",480
"P47176",376
"P38772",366
"P20437",546
"P24868",471
"Q03690",1277
"P35206",410
"P19516",300
"Q03652",475
"Q05031",458
"Q99288",334
"P21147",510
"P13587",1091
"P38934",470
"P30902",174
"P41733",394
"P43634",648
"Q06350",511
"P15790",372
"P53314",239
"P32798",439
"P10614",530
"P41735",233
"Q05779",260
"P47015",356
"P48360",493
"Q03687",405
"Q12359",275
"P81450",59
"P36122",765
"P50077",2039
"P03965",1118
"P40986",491
"P27895",1000
"P38892",291
"Q01217",863
"P36090",516
"Q8TGM7",61
"P35193",415
"P00830",511
"Q12186",476
"Q12365",385
"Q01532",483
"P23293",657
"P80235",687
"P38273",704
"P53298",406
"P40987",1014
"P14306",219
"Q03048",143
"P53344",381
"Q04632",607
"Q08054",341
"P53868",555
"P08566",1588
"Q12354",227
"Q07879",167
"P27637",709
"P25356",2167
"P36038",271
"P26309",610
"Q12262",181
"P40202",249
"P29465",1165
"Q3E829",80
"P53332",305
"P00410",251
"P49017",307
"Q08223",395
"P43547",212
"P00331",348
"P07249",177
"Q12028",832
"Q00381",147
"P38813",335
"P40493",336
"P53630",237
"P53194",125
"P35817",686
"P36106",594
"Q06632",1357
"Q05791",360
"Q12510",522
"P40094",801
"Q08548",619
"P29589",182
"Q12433",566
"P35183",429
"P38731",627
"P38928",823
"Q12064",193
"P50084",137
"P48524",976
"O13558",102
"P17891",233
"Q08685",445
"Q01649",594
"P32623",467
"P36000",726
"Q12380",294
"P34730",273
"P43573",796
"P32873",1128
"P32839",456
"Q07442",638
"Q05611",235
"P27825",502
"P06704",161
"P43618",361
"P32074",935
"P47177",404
"Q12031",575
"P36117",915
"P28777",376
"P32449",370
"P53722",227
"Q08492",214
"P38770",471
"P53062",197
"P40450",1375
"Q12140",328
"P50080",613
"P03874",630
"P36130",643
"Q12748",733
"P07834",779
"P38242",237
"Q12233",115
"P40416",690
"P22135",325
"P22035",811
"P07253",162
"P14905",389
"P27614",576
"Q2V2P8",89
"P31787",87
"P0CD90",149
"Q06628",738
"P13090",542
"Q12191",341
"Q06338",283
"Q06604",576
"P22149",690
"P46989",271
"P38125",572
"P16151",362
"P38137",543
"P19097",1887
"Q06001",478
"P40068",799
"Q04839",188
"Q12263",1142
"P32775",704
"Q08726",347
"P38211",433
"P41911",440
"Q03281",663
"P69852",69
"P38274",827
"Q12520",339
"P25626",169
"P36016",881
"P36146",502
"P38998",373
"Q06508",300
"P47025",714
"P33311",773
"P47912",694
"Q08601",432
"P43563",287
"P53157",130
"P38013",176
"P46672",376
"P47036",138
"P40467",964
"Q12429",685
"P17064",533
"P40466",484
"P33893",541
"P08524",352
"P32621",518
"P39726",170
"P38817",585
"P38715",327
"Q12068",342
"Q06201",188
"P32288",370
"P41921",483
"P00498",297
"P47171",1648
"P32590",693
"P32466",567
"Q04178",221
"P26798",304
"P06244",397
"P40206",208
"Q04437",629
"P36007",326
"P40495",371
"P38878",278
"P38999",446
"P43603",459
"Q99278",115
"P53083",459
"P34162",210
"P0CY08",210
"Q08951",932
"Q02887",496
"P32892",752
"P53073",190
"P42842",904
"P32801",640
"P38289",585
"P38993",636
"P26793",382
"P43535",752
"P36148",743
"P38523",228
"P39982",102
"P22202",642
"P0CS90",654
"P40325",198
"P21190",360
"P53892",351
"P53843",298
"Q12342",491
"P35688",1017
"Q01846",1127
"P32419",343
"P36013",669
"P46982",586
"P40549",630
"P36084",527
"Q04689",311
"P40023",145
"P40464",311
"P38866",432
"P38231",175
"P53233",369
"Q08908",694
"Q12473",712
"P40066",365
"P53849",153
"Q04080",534
"P38138",954
"Q02516",242
"P61830",136
"P38199",381
"P53096",452
"P38697",523
"Q9P305",131
"Q12345",250
"P38431",405
"Q04638",464
"P07250",355
"Q08773",1120
"P47135",1091
"P53966",522
"P32487",611
"P36775",1133
"Q12106",302
"Q04533",649
"P38286",347
"P34165",36
"P36112",540
"Q12404",318
"Q12156",149
"P39925",761
"Q12157",165
"Q07732",790
"Q06321",1198
"P53244",586
"P38270",344
"P38636",73
"P41913",522
"P48236",432
"P40106",250
"Q12438",231
"Q04697",403
"Q03532",505
"P32874",2273
"P10592",639
"P04806",485
"Q08118",586
"P40015",477
"Q07843",230
"Q07551",312
"P23292",546
"P32350",737
"P24583",1151
"P15700",204
"P53150",421
"P04173",364
"P38828",187
"P38782",295
"P22134",296
"P53048",616
"Q08268",501
"P40065",302
"Q12467",430
"P53869",86
"Q2V2Q1",113
"P50076",525
"Q08269",859
"P53168",247
"P23501",404
"P53235",642
"P39995",279
"Q12480",344
"P45976",327
"P08640",1367
"P36141",133
"P04385",528
"P37261",193
"P36088",180
"P23900",669
"P25585",152
"P14065",312
"Q04429",423
"Q12398",434
"P39567",403
"P42833",540
"P53897",168
"P38250",946
"P47156",728
"P50090",882
"P40504",517
"P38873",1557
"Q06147",687
"P42838",414
"P38210",180
"P41318",303
"Q07923",191
"P47093",109
"P19263",1082
"P19358",384
"P32047",452
"Q06164",1454
"Q03218",510
"P36066",463
"P87275",137
"Q12184",172
"Q99222",893
"P25628",610
"P53895",289
"Q03466",884
"P00925",437
"Q07648",150
"Q03103",563
"P32599",642
"P36143",616
"P38011",319
"Q02784",150
"Q04399",608
"Q12753",694
"P47026",490
"P13902",151
"P41939",412
"P50942",1183
"P26364",225
"P32488",338
"P38954",527
"P47119",197
"P07278",416
"P47114",497
"P09620",729
"Q06820",579
"P38174",421
"Q12343",284
"Q12205",849
"P50087",233
"P18238",307
"P53629",642
"P27344",201
"P40487",425
"P53753",1117
"P32352",222
"P54781",538
"P12385",437
"P38261",753
"P46671",204
"P38224",298
"P40039",528
"P46998",180
"Q05015",223
"Q06625",1536
"P40208",455
"P28789",327
"P09950",548
"Q12122",440
"Q03213",719
"P23585",541
"Q08992",237
"P39730",1002
"P46972",177
"Q06142",861
"Q02821",542
"P39520",1085
"P33417",597
"P47046",822
"P27809",442
"P08638",886
"P38852",340
"Q12446",633
"P07866",1435
"P53051",589
"Q99257",599
"Q12032",185
"P15274",810
"P35181",156
"P53946",755
"P32469",300
"Q06200",448
"P38249",964
"Q12396",444
"P24521",451
"P39704",215
"P53337",310
"P25653",1609
"P03870",423
"P0CF35",236
"Q12119",530
"P08431",366
"P31380",1131
"Q12361",961
"P40367",830
"Q12373",385
"P39004",570
"P15108",705
"P09064",285
"P21954",428
"P53631",564
"Q08630",104
"P46997",583
"Q06214",492
"P53863",590
"Q04431",385
"P54070",446
"P17423",357
"P27466",446
"P38207",520
"Q06405",101
"Q05871",280
"P33412",323
"P38874",309
"P38332",387
"P47160",408
"Q05874",261
"P53743",316
"P17214",699
"P38260",290
"P12709",554
"P04386",881
"P22146",559
"P16892",353
"P32190",709
"Q03937",162
"P00815",799
"P07172",385
"Q12060",488
"Q02959",697
"P0CY07",175
"Q04344",158
"P0CY11",126
"Q99332",602
"P38803",334
"Q07821",250
"P06245",380
"P40565",148
"P38285",549
"P38305",123
"P46682",809
"P36107",401
"P46949",817
"Q03016",1276
"P46961",280
"P0CE11",249
"Q05926",109
"P53973",706
"P06774",265
"P13434",144
"Q08220",491
"P46958",469
"P23301",157
"P43615",237
"P47056",224
"P11927",433
"Q04066",261
"P06208",619
"Q02786",101
"P40971",790
"Q06567",569
"P39518",744
"P47164",639
"P25336",1018
"P32340",513
"P34160",861
"Q07988",224
"P53731",342
"P49089",572
"Q12421",196
"Q04603",196
"P24482",689
"P32461",534
"P40557",701
"P22140",391
"P32502",381
"P25340",473
"P38071",380
"P42837",879
"Q08967",793
"P20081",114
"P04397",699
"Q08271",471
"Q06135",555
"P38196",639
"Q02979",1223
"P41818",229
"Q08886",897
"P38736",223
"P34243",683
"P41809",1802
"P25605",309
"P39936",914
"P40154",320
"Q02932",1032
"P19158",3079
"Q06683",689
"P25045",558
"P38156",614
"P53152",137
"P41948",499
"P36044",1178
"Q05648",414
"Q06568",189
"P53153",274
"Q12502",818
"Q03920",221
"P07266",363
"P53320",366
"Q03723",332
"P38271",328
"P53170",491
"Q3E770",120
"P32800",271
"P53896",198
"P32452",334
"P17442",1178
"P20604",311
"P38089",393
"P14747",604
"Q04705",352
"P47148",283
"P28272",314
"Q12504",494
"P0C2H7",136
"P0C2H9",113
"P0C2H8",113
"P40993",198
"P12687",371
"P53140",646
"P38689",320
"Q02796",332
"Q07376",486
"Q99189",972
"Q03503",176
"P33420",868
"P47077",666
"P53915",240
"P38325",134
"P33760",1030
"P40187",538
"P27514",894
"P23594",369
"P40473",351
"P25451",205
"Q12310",699
"P24384",1145
"P48567",403
"P38958",111
"Q02256",364
"P38927",245
"P14737",1309
"Q06407",1009
"P40395",1056
"P40212",199
"P56628",122
"Q03429",123
"P53253",936
"Q06148",342
"P32831",672
"P32833",620
"P31755",480
"Q03028",310
"Q06608",200
"P38122",312
"P0CE90",120
"Q07930",204
"Q07951",179
"Q08108",686
"P43606",678
"P15380",627
"P36002",662
"P47116",818
"P48581",401
"Q08742",149
"P53331",553
"P38883",763
"P0CX49",186
"P0CX50",186
"P24000",155
"P0CX85",120
"P0CX27",106
"P38330",731
"P36528",281
"Q12508",421
"P53196",417
"P47006",233
"Q12377",434
"P36121",282
"P39956",796
"Q02983",363
"O60200",86
"P01149",165
"P38341",106
"Q96VH5",97
"P48564",524
"Q12175",901
"P54199",764
"P32559",526
"P52920",328
"P53914",1056
"P36006",1272
"P27929",486
"Q06389",190
"P52593",1655
"P21957",404
"P48439",350
"Q06216",648
"Q03262",622
"P47190",753
"P87284",55
"P39105",664
"P53167",370
"Q03942",479
"P41056",107
"P49167",78
"P32387",263
"Q12338",110
"P46948",246
"P40970",561
"Q12296",706
"Q12525",324
"P40260",492
"Q05473",314
"P46955",337
"Q12163",236
"P38236",366
"P30771",971
"P40460",691
"P37838",685
"P39683",429
"P14907",823
"P40064",1391
"P25584",144
"P50085",310
"P12868",1029
"P50947",330
"P20095",876
"P06839",778
"Q12188",680
"Q04779",684
"P14291",827
"Q08237",289
"Q06624",347
"P49723",345
"Q03778",218
"Q03305",412
"P05738",191
"Q04396",274
"Q04087",347
"Q06005",328
"P38633",127
"Q08550",464
"Q99316",277
"P53944",314
"P38861",518
"P49687",1317
"P38302",140
"Q12477",304
"P25576",258
"P41812",875
"P21242",288
"P08468",800
"P40508",320
"P07257",368
"P13298",226
"P00127",147
"P03962",267
"P25635",923
"P16664",663
"Q99188",309
"P25369",354
"Q02574",474
"P29469",868
"P38295",451
"P36051",919
"Q01662",387
"P03873",423
"Q12372",583
"P34232",184
"Q02197",733
"Q99207",810
"Q08213",363
"P11633",99
"P40165",246
"P0CE68",1218
"Q12514",560
"P33755",580
"Q07623",225
"P38219",394
"Q02803",292
"Q07521",108
"P40960",533
"P39545",55
"P0CE91",120
"P04147",577
"P07269",559
"P39535",881
"P38193",441
"P33333",303
"Q06494",345
"P49704",494
"P47033",881
"P10363",409
"Q12367",367
"P0CX54",165
"P36105",138
"P38615",370
"P0CX44",217
"P0CX26",92
"Q03233",198
"P40451",204
"P53940",528
"Q08702",217
"P43614",200
"P50112",268
"P32895",427
"P38130",404
"P40079",357
"P28496",418
"Q12176",1025
"P30665",933
"P38755",437
"Q12524",340
"Q04182",1529
"P38208",133
"P39682",629
"Q00723",242
"P29461",750
"P39975",231
"P46669",326
"P38792",359
"Q05955",493
"Q03862",593
"Q05933",178
"P38696",384
"P04387",435
"P39012",614
"P40492",516
"P05316",633
"P14742",717
"P38263",362
"P39958",451
"Q07845",632
"Q05584",274
"Q04082",140
"P39996",337
"Q05905",244
"P38753",452
"P53941",290
"P40499",491
"Q06098",443
"P52489",506
"P25389",1037
"Q06406",86
"P38888",796
"P53379",596
"Q3E798",87
"P24720",663
"P43594",170
"P40573",187
"P32334",1306
"Q12374",616
"P36052",402
"P33550",425
"Q08218",356
"P38304",223
"P25491",409
"P38920",769
"P43564",1073
"P40850",830
"P53163",194
"P53077",123
"P10849",440
"Q03677",179
"Q02892",647
"Q12460",504
"P40078",261
"P53136",463
"P32473",366
"P28273",1286
"P33767",430
"P40219",148
"P25693",308
"P40530",394
"P38148",807
"Q12017",286
"Q00578",843
"P36054",211
"P38622",512
"Q12305",139
"Q08904",546
"P53909",347
"P39970",489
"P40529",298
"P38439",464
"P38139",375
"P25587",256
"Q3E827",93
"P32489",222
"Q05930",598
"P18409",493
"P42834",146
"Q04341",121
"Q04149",632
"P0CY06",175
"Q00539",523
"P32505",525
"P53927",220
"Q06178",401
"P22211",790
"P38632",267
"A0A023PZI1",117
"P87286",144
"Q12033",661
"P38747",307
"P33299",467
"Q12355",444
"P21372",849
"Q12194",479
"Q00246",291
"P43565",1770
"P09938",399
"P32448",525
"P38176",459
"Q04924",702
"P32769",611
"P00572",216
"P14681",368
"P34078",463
"P47017",172
"P38760",659
"P40081",178
"P08536",511
"P43638",1398
"P25588",1096
"P40567",111
"P40029",184
"P40050",688
"Q03435",203
"P40447",199
"P53204",395
"Q08202",246
"Q06810",360
"P38075",228
"Q12008",311
"Q12412",539
"P30620",661
"Q9ZZV8",51
"P10869",527
"P32317",509
"Q06541",321
"P31379",325
"P40957",749
"P32354",571
"P29496",775
"P0CW40",589
"P39692",1035
"P32829",692
"P23503",491
"P16603",691
"P34909",587
"Q12143",216
"Q12370",124
"P29468",568
"Q12252",991
"Q03880",122
"P33411",251
"P32524",280
"P47065",347
"P50896",841
"P40100",303
"Q9ZZW2",109
"P28519",371
"P19541",446
"P47104",1357
"P06781",192
"Q02799",301
"P53206",393
"P22133",377
"P22855",1083
"Q06630",226
"Q12117",320
"P38694",644
"P39107",395
"P40965",878
"P47084",519
"P38849",526
"P32500",655
"Q07500",545
"Q02642",157
"Q92317",146
"P47016",307
"Q12408",173
"P38082",220
"P32896",925
"P32634",1753
"P23394",588
"Q12318",242
"P32857",523
"Q9ZZW4",58
"Q05131",434
"P53721",224
"Q08273",121
"P38234",210
"P40348",353
"P47145",328
"P53091",1017
"P23493",339
"Q12083",715
"P22148",382
"P25338",174
"P39731",289
"Q12499",511
"P53898",299
"P16547",393
"Q12454",224
"Q99297",307
"P53718",249
"Q02201",448
"P54964",269
"P53872",204
"P46999",287
"P40961",287
"P53252",339
"P10834",293
"P38921",284
"P53043",513
"P38624",215
"Q12417",451
"P25502",979
"Q07800",427
"P07276",1031
"P37302",537
"P54074",624
"Q12522",245
"Q12072",812
"Q6Q560",94
"Q04377",747
"P07702",1392
"P32569",687
"P33308",149
"Q12285",212
"P32570",121
"P0CW41",589
"P03879",638
"Q07684",458
"P53583",542
"P13712",422
"P25353",742
"Q08952",273
"P39952",402
"P16467",563
"Q05788",311
"Q04383",521
"P23639",250
"P53131",767
"P25641",520
"P53389",586
"P32645",267
"Q04746",504
"Q04213",475
"Q06346",221
"P40026",464
"P32486",720
"Q07799",665
"P40089",93
"P53094",1487
"P24279",971
"Q03455",724
"P07884",428
"P14908",341
"P38996",802
"P39923",615
"Q00402",2748
"P47054",1683
"P43124",402
"P38881",321
"P25366",362
"P36023",863
"P32499",720
"P46964",130
"Q04264",1277
"P51533",1564
"P38292",413
"P07271",859
"Q99373",253
"P32345",308
"P39966",464
"P33329",710
"P26570",692
"P36069",295
"P31382",759
"P52290",468
"Q04049",632
"P38972",1358
"P04710",309
"Q03579",150
"Q04081",328
"Q08278",222
"P11746",286
"Q07980",695
"P30952",554
"P47169",1442
"P32179",357
"P53050",456
"P38069",597
"P47083",593
"P53128",600
"P35198",433
"Q03825",758
"P14743",455
"P38757",446
"P11632",93
"P47149",201
"P53920",997
"P25655",2108
"P27476",414
"P39720",1047
"P33400",625
"P38794",229
"P33200",976
"Q04364",514
"P18898",376
"P20052",293
"P23595",377
"Q12326",303
"P38693",467
"P53184",216
"P35842",467
"P05030",918
"Q03674",706
"P40302",234
"Q12161",406
"P31115",442
"Q08641",628
"P15891",592
"P32781",87
"P46973",164
"P05373",342
"P53187",214
"P02829",709
"Q05931",657
"Q9URQ5",78
"P32339",317
"P50095",523
"Q12271",1107
"P25619",332
"P38912",153
"P07260",213
"P32361",1115
"P36060",302
"Q12019",4910
"Q12124",431
"P38158",584
"P40513",266
"P53035",382
"P32389",672
"P05694",767
"Q02455",1875
"P0CE00",602
"Q01926",470
"P33201",236
"P38080",1108
"P32454",952
"P03069",281
"P36014",167
"Q06636",219
"Q06623",655
"Q08929",609
"P40531",326
"Q05827",59
"P09932",586
"P19807",563
"P0CY13",119
"P15496",288
"P47031",731
"P41734",238
"Q12385",394
"P18963",3092
"P32807",602
"P22209",435
"P50107",326
"P17505",334
"Q02891",456
"P32266",881
"Q06815",381
"Q08925",612
"P53311",146
"P38590",489
"P38172",270
"P48563",1636
"Q03079",207
"P38994",779
"P38860",518
"P32492",1471
"P25293",417
"Q02820",53
"Q08972",1196
"P37898",856
"Q9ZZX0",354
"P47019",175
"P38856",637
"P32784",759
"Q99181",213
"Q99383",534
"P54839",491
"P11986",533
"P13185",1064
"P40309",873
"Q01919",800
"P53885",366
"P29467",408
"P47822",140
"P21965",375
"P35192",417
"Q9ZZW7",517
"P34072",584
"P32491",506
"P40185",145
"P53141",149
"P25573",417
"P38857",129
"P50108",393
"Q05812",728
"P47047",1073
"Q02866",612
"Q12207",173
"P32357",355
"P19414",778
"P54114",506
"Q06410",417
"Q99325",256
"Q12292",412
"P0CE41",1502
"P36156",370
"P40582",234
"P32835",219
"P53119",910
"Q08914",237
"Q05164",967
"P48353",224
"Q05533",292
"P47034",131
"Q12350",301
"P40034",492
"P36004",724
"P23291",538
"P27810",393
"Q05979",453
"Q04781",1562
"P53281",241
"Q12230",341
"P38880",579
"P40356",397
"P32435",120
"P33441",392
"Q12198",575
"P28321",313
"P41940",361
"P32906",549
"Q08818",692
"P40990",351
"Q08208",459
"Q05541",303
"Q01802",451
"P47129",309
"P32858",118
"P46680",615
"Q12001",544
"Q12406",477
"P38301",280
"P39717",880
"P40481",377
"P53219",342
"P40559",946
"Q12280",1495
"P36035",616
"P34253",313
"P20485",582
"P06242",306
"P38063",326
"Q12246",624
"P33399",275
"Q02783",413
"P16523",270
"P36027",376
"P35728",441
"P10566",314
"Q12366",352
"P40959",511
"Q6Q547",58
"P08466",329
"Q08214",380
"P39705",539
"Q02795",286
"P36154",155
"P38115",344
"P32450",94
"P21951",2222
"P38124",548
"P25596",615
"P38310",465
"Q08969",168
"P53306",609
"Q12680",2145
"P11353",328
"P32480",875
"P38695",592
"P38074",348
"P32581",645
"Q12442",317
"P35191",511
"P43623",340
"P32787",269
"P52918",1224
"P53176",234
"P42939",101
"P40991",618
"Q03718",556
"Q05166",528
"P43548",558
"P38179",458
"P40507",360
"P38840",513
"P15801",1254
"P33317",147
"P32525",599
"P36049",427
"Q3E705",233
"P47133",292
"P40540",141
"P32476",496
"P41813",862
"Q04739",417
"P06174",275
"Q04458",532
"P06775",603
"Q05787",833
"Q12329",375
"P32467",576
"Q08295",589
"P47185",567
"P47125",453
"P30605",584
"P00724",532
"Q03020",165
"Q12405",387
"P32585",307
"P39002",694
"P10962",306
"P25335",343
"P18239",318
"Q12509",438
"P48362",394
"Q12347",344
"P39003",570
"P39979",161
"P47175",358
"Q02888",182
"P00817",287
"Q6B0V8",119
"P39935",952
"P21374",235
"P53193",184
"P38144",1129
"P39005",276
"P17260",313
"P38853",1164
"P25586",316
"Q3E772",92
"Q06213",157
"Q08777",521
"P23060",363
"P39534",108
"P39678",833
"P53338",473
"P21826",554
"P53102",219
"Q03081",177
"P41821",548
"P50873",501
"P25270",412
"P40484",314
"Q06390",306
"P53059",558
"P53214",551
"Q03151",367
"P38830",627
"P53883",403
"P46970",1048
"P38181",1502
"Q08485",598
"Q07913",336
"Q02486",183
"Q07747",329
"P53886",1748
"P36973",181
"P18544",423
"Q07528",640
"P53551",258
"P24814",1151
"P34244",1518
"P20050",605
"P19882",572
"P47155",203
"Q12358",412
"P35844",434
"Q12265",496
"Q07887",179
"P32783",436
"P36032",473
"P10507",462
"P53129",644
"P39552",234
"P36161",1157
"P40010",520
"P53935",1240
"P32332",324
"Q03558",400
"P19262",463
"P25568",528
"P48361",1146
"P80428",489
"Q6Q5K6",68
"Q01448",625
"P54862",567
"P38710",295
"P40576",216
"P38620",318
"Q07508",261
"Q92328",271
"P38257",691
"P53123",320
"P35724",969
"P40364",252
"Q03104",513
"P53725",186
"P38191",138
"P53159",387
"Q05777",254
"Q01560",414
"P35729",1037
"Q02199",472
"O94084",285
"P40459",309
"P0CE85",124
"P53943",586
"Q04728",441
"P14904",514
"P38986",381
"Q12039",706
"P40441",457
"Q03694",420
"Q06704",911
"Q08227",384
"P32337",1089
"P53877",555
"P53901",409
"Q12425",185
"P05986",398
"P40358",645
"P36132",386
"P36224",373
"Q12494",1050
"P39962",524
"P13186",1147
"P47055",219
"P38300",278
"P53341",584
"P08465",486
"Q08970",484
"P32333",1867
"P40562",993
"P29952",429
"P23500",304
"P0CX81",61
"P32335",436
"P08593",268
"Q3E7Y6",73
"P52919",319
"Q12255",253
"P05150",338
"P36163",345
"P41543",476
"Q12447",191
"Q03370",554
"Q12144",273
"Q08580",376
"P40025",321
"P53691",371
"P23287",553
"P24031",467
"P0CX77",362
"P53258",950
"P38635",335
"P28817",500
"P15992",214
"P25642",146
"P47042",667
"Q08416",157
"P22517",447
"P53846",162
"P24719",497
"P0CX09",502
"P27705",504
"Q06580",163
"Q04922",465
"P34166",38
"P47085",338
"P53045",309
"P53166",561
"Q12411",609
"P39106",762
"Q12317",492
"P33748",704
"P53070",669
"P23059",88
"P40354",457
"P36147",197
"P40550",1411
"P80667",386
"Q05568",337
"Q06449",215
"P53632",584
"P42836",336
"Q12746",312
"P38797",343
"P40164",858
"Q04636",552
"Q12482",902
"P25612",363
"P39010",764
"P43553",858
"P32629",500
"Q05123",467
"Q04052",950
"Q10740",671
"Q12321",566
"P32259",974
"O14467",151
"Q06211",1407
"P40469",1032
"Q03667",156
"P0CD99",609
"Q8TGN9",163
"P53919",492
"P40096",142
"P33895",451
"P43558",301
"P43575",122
"P40186",285
"P22434",369
"Q08215",383
"Q12089",606
"Q04601",652
"P15454",187
"P28742",1111
"P36005",433
"P38851",1228
"P43586",204
"P32875",414
"Q02205",184
"P32490",508
"P10659",382
"P26188",188
"P47007",382
"P39016",859
"P41816",400
"P16451",410
"Q03790",475
"P21375",501
"P40897",799
"P53259",346
"P0CE89",120
"P24867",279
"P38126",564
"Q12462",236
"P38768",344
"P39684",611
"P25297",587
"P34221",468
"P40347",161
"Q06644",662
"P20053",465
"P40303",254
"P36113",551
"Q12276",1246
"P53685",503
"P38922",454
"P29295",494
"P40886",569
"P40885",567
"Q06592",156
"Q12134",243
"P32351",346
"P0CT04",75
"P32526",644
"P17119",729
"Q04005",294
"P34239",828
"P38801",184
"P53145",640
"P38132",845
"P38112",773
"P28737",362
"O75012",95
"P23641",311
"P25846",959
"P35719",219
"P50276",574
"Q12387",796
"P53949",197
"Q06593",877
"Q03266",374
"P53124",433
"P39081",626
"Q00618",327
"Q03180",325
"P32316",526
"P54115",500
"Q08979",651
"P22023",1365
"Q08448",450
"P25579",583
"P33310",695
"Q03829",368
"Q12041",191
"P0CX80",61
"Q03162",620
"P38626",284
"P38795",714
"P32377",396
"P38798",1089
"P53179",542
"P0CE88",120
"Q12006",378
"P39718",180
"Q03760",334
"P32459",195
"P46367",519
"P53296",535
"P38724",620
"P25364",564
"P42950",618
"Q04322",720
"Q6Q546",73
"Q04329",127
"P20459",304
"P36115",615
"P50113",272
"P41910",395
"P41800",426
"P38162",196
"Q04472",501
"P54785",490
"P21339",1137
"P47123",218
"P46151",657
"P32633",139
"P38879",174
"P38769",630
"P32521",1480
"P38351",445
"Q3E833",88
"P38787",379
"P40155",199
"P38855",283
"P40563",679
"P40053",627
"Q04212",335
"Q03361",876
"P00549",500
"P38800",1345
"Q92325",660
"P18408",261
"Q08471",629
"P47018",478
"P43619",295
"P08964",1928
"Q99271",985
"P40314",149
"Q06162",153
"Q07896",663
"P38713",996
"P15873",258
"Q07418",342
"Q03407",766
"P40012",539
"P14242",873
"P02309",103
"Q07729",489
"P35843",434
"Q12214",470
"P38790",280
"P54854",567
"P25038",676
"P40884",581
"P07342",687
"P38217",918
"P53067",1004
"Q02733",499
"A0A023PXB5",102
"P38691",1029
"P53086",805
"P07277",443
"P47051",409
"Q06106",887
"P46985",422
"P53745",580
"P23748",554
"P36157",363
"P11914",482
"P33749",630
"Q06504",195
"P25566",168
"Q12181",623
"P39997",493
"P32336",851
"P26263",563
"P06776",526
"P16861",987
"P10127",382
"P47170",1584
"P28627",190
"P40051",511
"Q08561",116
"P07170",222
"Q06667",281
"P47010",130
"P25341",720
"P38703",411
"P53158",218
"P42951",607
"P39946",494
"P53905",115
"P38203",95
"Q08179",573
"Q08176",113
"P40457",1679
"P39014",640
"P53604",210
"Q07349",420
"P47069",682
"P47095",244
"Q12129",218
"P40007",231
"Q08287",484
"P32770",719
"Q12311",748
"Q12451",1283
"P48565",533
"P36102",679
"P35994",123
"P25580",416
"P38335",694
"Q06489",411
"P53164",384
"P33751",242
"P10963",549
"P53238",335
"P00635",467
"Q04004",230
"P34227",261
"P32379",260
"P80210",433
"P21651",314
"P22336",621
"P26755",122
"Q12196",484
"P40160",425
"P05319",106
"Q03465",531
"P53046",1155
"Q12481",300
"Q08162",1001
"P39516",138
"P53036",818
"Q03516",953
"P14906",663
"P48240",250
"Q02046",320
"Q08750",479
"Q03125",231
"P38837",291
"P54791",529
"Q03289",374
"P40035",300
"P25644",796
"P20133",325
"P38744",120
"P36139",283
"P00560",416
"P53218",158
"Q08931",133
"Q07949",397
"P30402",227
"P00128",127
"P34230",853
"P14736",754
"P25611",832
"Q12192",310
"P46990",184
"P40525",121
"Q02326",176
"Q12530",201
"P36525",258
"Q12189",258
"Q04062",393
"P25042",368
"P22276",1149
"P45818",564
"P36070",627
"P35178",278
"Q06639",885
"P54790",616
"P0CE93",120
"P0CE87",164
"Q12488",208
"P40048",928
"P32606",800
"P50086",228
"P39927",425
"P40475",563
"P03872",296
"P38086",958
"Q03956",351
"P38251",354
"P26754",273
"Q3E757",174
"P0C2H6",136
"P0CH09",128
"P0CX28",106
"Q02204",264
"Q02773",1202
"O13563",156
"Q08746",203
"P89114",91
"P23833",295
"P53078",280
"P38241",364
"P53251",210
"P47035",1189
"P25374",497
"Q06287",252
"Q04121",633
"Q08322",120
"P13259",424
"P40038",420
"P53844",350
"Q05637",104
"Q04493",163
"P24004",1043
"P46956",311
"P05066",565
"Q05778",276
"P40494",810
"P36081",392
"Q05911",482
"P39006",500
"P37299",77
"P53335",271
"P22216",821
"P32445",135
"P31334",269
"P46969",238
"P50943",142
"Q06109",277
"P40571",144
"Q07979",502
"P53330",157
"Q04947",295
"P53334",386
"P33330",395
"P25303",377
"Q04172",456
"P34228",1148
"P33421",198
"Q08229",501
"P48234",707
"Q12066",484
"Q08966",492
"P17967",522
"P53191",635
"P37012",569
"P38291",140
"P32598",312
"P36040",267
"P40968",455
"P53633",176
"Q01329",785
"P25339",888
"P25454",400
"P40893",198
"P0CX53",165
"P0CX46",254
"P25348",183
"P17890",251
"P40992",514
"Q04031",235
"Q08962",181
"Q12493",238
"P36118",322
"P34077",839
"Q12200",1170
"P40477",1460
"Q04958",1679
"P38738",679
"P53397",376
"Q06651",286
"Q12164",279
"Q07350",266
"Q08647",676
"Q07807",879
"Q04418",439
"Q12465",1220
"P26784",199
"P07264",779
"P13134",814
"Q08045",131
"P40070",187
"P19659",1081
"P39943",394
"P50945",234
"Q06324",491
"P15807",274
"P40577",368
"P53390",489
"Q07938",337
"P34246",357
"Q04439",1219
"P34217",668
"P39685",1337
"P19735",899
"P33297",434
"Q12428",516
"P49960",444
"P07275",575
"P40555",220
"P36082",127
"P38222",552
"P26785",198
"P05748",204
"P05747",59
"P04650",51
"P0CX25",92
"P05745",100
"P25298",677
"P20084",86
"P35996",138
"P25441",422
"P33442",255
"Q08001",693
"P49367",693
"P53114",1132
"P38157",468
"P40002",666
"P40578",1113
"Q12093",417
"P19524",1574
"Q03735",1134
"P53742",486
"P40360",574
"P32495",156
"Q99210",232
"P16387",420
"P43611",510
"P37304",830
"P0CE86",164
"P40585",124
"P32567",862
"P53860",351
"P25625",357
"P53261",605
"P00950",247
"P38197",257
"P53294",404
"P11745",407
"P53881",309
"P36534",297
"P38764",993
"P40156",214
"P38204",145
"P0CE92",120
"P25646",442
"Q12057",282
"Q03306",898
"P53203",462
"P52960",996
"P38848",579
"P40335",379
"P25360",923
"P40345",661
"P33298",428
"P40476",318
"P08456",276
"P40352",1085
"P12753",1312
"P21827",482
"P38741",713
"Q99258",208
"Q06208",395
"P32862",1170
"P38061",130
"P36521",249
"P36533",70
"P02400",110
"P40422",70
"P40693",322
"P16370",318
"P32786",894
"P48589",143
"Q07829",113
"P0CX32",135
"P46674",1301
"Q02774",210
"P38751",150
"Q3E785",79
"Q12507",346
"Q08199",421
"P38634",284
"P53165",657
"P43560",674
"P57743",89
"Q12171",622
"P25046",220
"Q06436",670
"P30624",700
"P20484",414
"P40958",196
"P47074",515
"Q01159",459
"P36046",403
"Q02889",113
"P15424",664
"P53939",407
"Q12080",455
"P53081",288
"P38826",435
"Q12202",724
"P36144",274
"P0CX45",254
"P51401",191
"Q06090",140
"P32611",393
"P36523",253
"Q08774",242
"P0CX29",145
"P05755",195
"P25343",265
"Q07534",307
"Q12107",265
"Q12440",853
"Q06834",288
"Q12165",160
"P53847",754
"P53911",425
"P38728",170
"P47144",725
"Q03214",1411
"Q08299",606
"Q08651",330
"Q04461",462
"P39676",399
"Q06205",392
"P17649",471
"P38297",855
"P53192",235
"P33892",2672
"Q12393",293
"P32363",452
"Q06629",674
"P40956",396
"Q06674",414
"P53688",370
"P10591",642
"P28241",369
"P32481",527
"P41833",600
"Q07532",353
"P38692",1080
"P34234",306
"P40471",297
"Q07560",283
"P53923",493
"P24783",546
"Q12743",341
"Q08387",944
"P22007",431
"P40098",244
"P43574",510
"P25370",566
"P53839",350
"Q12390",233
"P32589",693
"P0CY09",210
"P43581",546
"Q07959",543
"Q99393",312
"Q12056",156
"P38131",464
"Q8TGJ3",72
"P38169",460
"P53867",494
"P32381",391
"Q05892",277
"Q01519",83
"P40366",167
"P32891",587
"Q07786",357
"P25087",383
"Q12676",427
"O13329",566
"Q05498",189
"Q03557",464
"Q03655",524
"P38785",314
"P38143",162
"P37292",490
"Q00582",310
"Q96VH4",193
"P40480",1083
"P50079",448
"Q05549",1077
"P40006",225
"Q12166",604
"P39986",1215
"P32378",372
"Q08955",156
"Q06409",1932
"P35497",357
"Q06063",367
"P40566",764
"P53971",965
"P53173",138
"P0CX10",437
"P38748",585
"P21268",830
"Q08991",375
"P38777",243
"P13045",520
"P40209",560
"Q99341",161
"P00358",332
"P18494",730
"Q03768",265
"Q12434",202
"P18851",423
"P39722",662
"P07286",448
"Q08484",637
"P53687",447
"P32464",399
"P49775",206
"P06168",395
"P30606",609
"P32767",1081
"O13555",125
"P39526",2014
"P53237",242
"P47146",123
"P03875",834
"P52892",507
"P38628",557
"P53111",347
"P38116",183
"P61829",76
"P43616",481
"Q04623",453
"Q02202",377
"Q03764",534
"P34756",2278
"P53889",259
"P36001",430
"Q03002",865
"P18411",198
"Q12125",312
"P40036",548
"P38812",185
"Q03554",138
"P25373",110
"P40545",261
"P32479",840
"Q03973",246
"P53115",1489
"P39522",585
"P34167",436
"P28743",706
"P32463",125
"P14164",731
"P38090",596
"P47029",1046
"P53983",676
"P49090",572
"Q06597",130
"P53759",423
"P33413",735
"Q06011",112
"P40516",257
"P02992",437
"Q12450",207
"P53917",953
"Q08913",375
"P25621",512
"P29704",444
"P40099",211
"Q04410",372
"P17695",143
"Q12341",374
"P02293",131
"P32806",458
"P22943",109
"P17629",752
"P40037",129
"Q04934",453
"Q12055",197
"P43610",853
"Q04772",201
"P53125",1264
"P25583",335
"Q04489",525
"Q04935",205
"P36108",232
"Q03063",452
"P39112",969
"Q12015",292
"Q07872",247
"Q04660",807
"P36168",1195
"P32604",452
"Q08911",376
"P40515",155
"Q12029",327
"Q08905",711
"Q12333",620
"Q05670",677
"Q03330",439
"P38988",300
"P48813",663
"P41546",238
"P04912",132
"P23337",708
"P14064",554
"Q12344",894
"P33734",552
"P09435",649
"P12684",1045
"P28834",360
"P50094",524
"P40060",125
"P01094",68
"Q99312",450
"Q08522",113
"Q06554",1556
"P42846",591
"P38702",357
"P53271",262
"P47187",383
"Q04368",295
"Q3E7A4",109
"P36075",443
"P69850",94
"Q06469",252
"P07807",211
"P00360",332
"P48015",400
"P37020",779
"P40857",217
"Q01766",294
"P32477",678
"Q08732",759
"P39987",644
"P32899",183
"P43579",692
"P32617",166
"Q06505",410
"P43596",787
"P38991",367
"Q12479",156
"P28239",310
"Q02196",202
"P34233",588
"P32447",279
"P31386",333
"Q12226",474
"P38221",457
"Q06680",1035
"P32330",852
"P36009",735
"Q99234",619
"P04819",755
"Q05610",365
"P32614",470
"Q07928",141
"P53739",893
"Q12096",491
"P36125",273
"P43577",159
"P27472",705
"Q04806",366
"P36078",116
"P47124",396
"P33416",811
"P04807",486
"Q03824",705
"P19211",157
"P19146",181
"P07347",238
"Q05789",226
"P0CZ17",362
"P53600",189
"P53622",1201
"Q12348",645
"Q06538",782
"Q00873",224
"Q02770",301
"P47005",663
"P53924",522
"P39708",457
"Q07651",309
"P11412",505
"P36033",711
"Q06336",557
"Q04233",774
"Q03835",250
"P32642",244
"P04911",132
"P25333",603
"Q08109",551
"P38348",480
"P45820",110
"P39734",528
"P39924",564
"P53982",420
"P43598",195
"Q03036",179
"Q03419",316
"P53317",196
"P32860",256
"Q06512",552
"P06102",836
"P52891",726
"Q06668",471
"Q06144",216
"P38725",120
"Q07987",124
"Q04370",399
"P53900",129
"P35056",612
"Q03178",341
"P27801",918
"P40506",365
"P54885",456
"P40534",656
"P27616",306
"P07244",802
"P0CX82",189
"P54780",204
"P04449",155
"P32904",214
"P32496",274
"Q08285",240
"Q3E811",62
"P39938",119
"P0CX39",200
"P0CX36",261
"P53324",424
"Q00916",300
"P16658",377
"Q02775",382
"Q04007",877
"Q12020",392
"P12945",854
"P37293",288
"Q08689",176
"Q08887",554
"P40215",560
"Q06833",770
"Q12375",292
"P53224",222
"P36129",213
"P12695",482
"Q03050",120
"P08018",668
"P49686",430
"Q06169",523
"P36093",366
"P38230",334
"P21538",810
"P53060",241
"Q03195",608
"P07703",335
"Q04307",110
"P25367",405
"P38701",121
"Q03976",319
"P32844",805
"P40054",469
"Q99287",776
"P31109",117
"P33338",968
"P32573",292
"Q08673",210
"P38931",1420
"P38871",571
"P53394",754
"P46988",109
"Q12236",1081
"P53248",589
"P53903",129
"P32854",288
"P25362",215
"P25578",521
"P35182",281
"P07272",904
"P39008",433
"P40474",542
"P07256",457
"P06838",210
"Q12223",238
"Q03530",315
"Q06891",181
"Q00245",231
"P41805",221
"Q02753",160
"P53221",127
"P0CX87",25
"P36080",434
"P41058",56
"P0CX38",236
"P47141",266
"P38352",637
"P33332",1336
"Q03323",175
"Q06168",426
"P14359",133
"Q9ZZX1",630
"P43545",298
"P08459",502
"Q03012",353
"P11978",1358
"P54784",914
"P40368",713
"Q08692",278
"P40005",111
"P32945",549
"P38796",400
"Q02771",107
"P10355",254
"Q9ZZW1",134
"P20051",364
"P32841",428
"P38212",213
"Q07844",837
"P05739",176
"P36532",105
"Q06678",367
"P36527",147
"P53118",685
"P43602",733
"P25381",491
"Q3E792",108
"P21771",286
"P12686",339
"Q12751",981
"Q12212",622
"P36126",1683
"P21691",654
"P33331",125
"P50874",479
"P48837",541
"P20967",1014
"P32263",286
"P32612",120
"P53756",1333
"P32838",368
"P53833",195
"P38336",279
"P38218",177
"P19736",530
"P22141",198
"P25375",712
"P09232",635
"Q03338",469
"P23638",258
"P20457",528
"P09368",476
"P32327",1180
"Q12213",244
"Q12487",163
"P22139",70
"Q08723",338
"P0CX51",143
"P13856",272
"Q12378",196
"P36123",1033
"Q08873",200
"P40075",244
"P36124",751
"P47008",294
"Q06091",175
"P33328",115
"Q08826",162
"P17122",198
"Q02521",185
"P89102",971
"Q12455",300
"P32911",108
"Q06244",254
"P34222",208
"P04161",214
"P08525",94
"P43122",407
"P06778",471
"P33323",182
"Q08096",367
"P21524",888
"P0CX86",25
"P14120",105
"P36531",177
"P40018",196
"P53236",928
"P39940",809
"P38165",486
"Q08230",162
"P38166",215
"P38804",111
"P35187",1447
"P43321",101
"P08153",709
"P38734",546
"P36059",337
"P39744",710
"P25382",515
"P49954",291
"P40327",437
"P32264",428
"P23724",241
"P53835",661
"Q00816",1014
"P35196",286
"Q12495",606
"Q12167",365
"P0CX35",261
"P38850",1070
"P32915",480
"P40482",926
"P38957",223
"P42941",309
"P38827",1080
"Q00711",640
"P32572",300
"Q08553",188
"P32494",702
"Q03210",505
"P06100",191
"Q12457",570
"Q02630",1113
"P38742",1146
"P53010",1115
"P35999",772
"P38698",397
"P32903",40
"P52867",743
"P42934",759
"Q12245",148
"P33334",2413
"P30656",287
"P39551",298
"P47032",299
"P36110",329
"Q12335",198
"Q12461",358
"P53037",1138
"P22289",66
"P0CX83",189
"P05740",184
"P38754",138
"P0CX23",172
"P0CX24",172
"P36519",292
"P05737",244
"P22354",195
"Q03691",256
"Q02555",471
"Q12754",1228
"P32566",505
"Q03148",297
"P52870",82
"P38989",1170
"P25567",434
"Q03029",223
"P53852",767
"P27692",1063
"P53937",143
"P07263",546
"Q03264",515
"P36003",928
"P53617",575
"P46673",744
"P50946",238
"Q92316",86
"P30657",266
"P33203",583
"P21243",252
"P04046",510
"P50109",593
"Q06665",692
"P32863",898
"P53295",368
"P06779",565
"Q99359",647
"Q08760",435
"P30775",413
"P28000",142
"Q02805",837
"Q05636",305
"P38711",82
"P06367",137
"P05750",240
"Q12369",946
"Q12469",655
"P34252",453
"P38687",599
"P38353",490
"P46675",888
"Q02875",849
"P41544",203
"P53427",120
"Q05518",499
"Q08959",321
"P39104",1066
"P06197",220
"P33401",570
"Q12036",173
"P31374",1356
"P07390",489
"P32588",453
"P21304",576
"Q04231",177
"Q06835",107
"P38629",340
"P39083",1007
"P23369",157
"P05317",312
"P05318",106
"P38886",268
"P47076",161
"Q05022",1729
"P0CX47",156
"Q06506",573
"P0CX30",145
"P0C0V8",87
"P46974",1380
"P53256",223
"P15367",167
"Q01589",338
"Q06236",168
"P03877",415
"P39928",1220
"Q03144",224
"P38889",622
"P36167",246
"P08521",25
"P40535",587
"P32493",518
"Q03771",387
"Q07716",390
"P32794",780
"Q04413",109
"P38065",1025
"P16474",682
"Q03630",159
"P41698",603
"P33322",483
"Q12734",1121
"P53550",970
"P40077",573
"P53848",824
"A0A023PZB3",126
"P28006",793
"P40569",121
"P40088",404
"P53913",173
"P15442",1659
"Q03833",894
"P38068",203
"P46943",645
"P42944",551
"Q07653",1046
"P38625",525
"P40985",892
"P12683",1054
"P17709",500
"Q12675",1612
"P26449",341
"Q03783",95
"Q3E7B2",85
"Q05809",96
"P18900",473
"O13525",335
"P21595",489
"Q08977",551
"P32325",704
"Q08558",271
"Q04952",1785
"Q12209",686
"P08417",488
"P30777",616
"P06633",220
"P53686",357
"P31539",908
"Q04432",237
"P40069",1113
"P40994",183
"P38316",186
"P53090",500
"P40074",448
"P14772",1559
"P38356",321
"Q04199",468
"P32796",670
"P06115",562
"P32582",507
"P53137",624
"P47103",393
"P07143",309
"P35176",225
"P53088",359
"Q12395",269
"P25453",334
"P53080",175
"P39985",1022
"Q03034",503
"P29703",316
"Q04991",504
"P13181",574
"Q07540",174
"P11710",512
"P39993",1459
"P38970",855
"Q05580",639
"P43570",497
"P38284",255
"P39533",789
"Q07622",623
"P25649",128
"P00812",333
"Q08683",685
"P38821",490
"Q06337",982
"P36041",632
"Q06551",359
"P32353",365
"P39875",702
"Q08906",153
"Q08907",204
"P43557",207
"P31381",517
"P07261",785
"P35197",352
"Q12051",335
"P47122",385
"Q12320",285
"Q07830",1017
"P23797",304
"P53290",341
"P16622",393
"Q12449",350
"P49435",187
"P0CD91",305
"P05085",880
"Q99186",491
"P40527",1151
"P14843",370
"P50944",713
"P47113",574
"Q08004",166
"P07267",405
"P25342",322
"P53301",507
"P40086",486
"P54838",584
"P47178",298
"P21623",536
"Q05521",289
"P32785",401
"P32472",135
"Q08645",548
"Q08622",556
"P53961",229
"P47088",403
"P53154",560
"P51979",1187
"P48570",428
"P32465",570
"Q12471",397
"P07248",1323
"P32562",705
"P40019",153
"P38170",754
"P00175",591
"P00044",109
"P47976",325
"P47050",842
"P53769",259
"P46957",487
"P39712",1322
"P50264",508
"Q02207",900
"P40008",231
"P28003",413
"P32191",649
"P40107",337
"P48239",356
"P48566",633
"P10961",833
"P40433",827
"Q04894",360
"Q08902",515
"P32789",676
"P38872",237
"Q12067",313
"Q04930",467
"P00424",153
"P47130",423
"P32328",564
"Q04089",582
"P38121",705
"Q08225",711
"P53978",1044
"P43605",281
"P25574",760
"Q04409",500
"Q03653",782
"Q12518",454
"P38767",581
"P32462",438
"P22696",170
"P39727",415
"Q08119",714
"P23776",448
"Q99369",266
"P00359",332
"Q01722",534
"P36173",615
"Q06648",383
"Q00055",391
"P37303",387
"P38682",493
"P37291",469
"Q12180",1030
"P48365",746
"P53834",153
"P16550",321
"Q06096",861
"P33307",960
"P46962",323
"Q03772",175
"Q12091",152
"P40568",576
"P53208",328
"P39715",212
"P38167",1117
"P38246",354
"P32497",812
"P36039",253
"Q05775",265
"P40319",345
"P62651",68
"Q02883",468
"P49095",1034
"P25346",518
"P25555",427
"P51601",243
"Q06543",272
"P32836",220
"P47127",394
"P43601",500
"P33750",489
"Q99247",1116
"P18414",219
"Q03018",1630
"P0CX11",437
"P38225",669
"Q03096",181
"P53746",719
"P53260",183
"P18852",110
"P53130",126
"Q03786",193
"P46984",123
"Q12692",134
"P47140",327
"P43636",503
"P38971",573
"Q00776",475
"P18634",518
"Q12386",881
"P38862",630
"P01097",85
"Q08409",1394
"P53968",678
"P43542",379
"P43600",232
"Q08300",171
"Q04792",585
"P15365",543
"P38149",878
"Q12284",196
"P38312",142
"P19658",623
"Q12497",93
"P10823",449
"P53319",492
"P16661",449
"P25377",361
"Q02336",434
"Q06408",635
"P16639",503
"P53855",1592
"P48016",1211
"Q12092",213
"P47134",954
"P53890",448
"P47041",543
"P25296",175
"P39110",191
"D6W196",494
"Q3E823",68
"P20447",523
"P47179",1161
"P38073",919
"P14020",267
"P17261",260
"P40546",346
"Q08822",631
"P38894",1075
"P38911",411
"P25659",250
"Q07825",749
"P47102",1408
"P25569",745
"P38875",610
"P49018",411
"P39984",401
"P02294",131
"P40344",310
"P24870",427
"Q06139",101
"P48562",842
"Q3E846",104
"Q08412",411
"P0CH63",225
"P36091",449
"Q08496",732
"P40059",670
"P40318",1319
"Q04949",312
"P14284",1504
"P38844",325
"O13529",151
"Q02908",557
"Q06706",1349
"Q04406",187
"P05453",685
"Q12403",225
"P42940",261
"P32768",1537
"P28007",205
"P40581",163
"P40502",157
"Q08957",416
"Q02895",342
"Q12476",344
"P47082",602
"P41696",914
"P17898",393
"P43621",546
"P36034",407
"P38845",465
"P32799",129
"P14922",966
"P43497",92
"Q3E808",48
"P36037",715
"P47138",172
"Q05050",843
"P47163",339
"P14741",305
"P32501",712
"Q12003",364
"Q08193",484
"P32805",299
"Q12154",354
"P39732",760
"Q12315",538
"P53171",287
"P38885",310
"P38266",947
"P47143",340
"P22936",367
"P40458",529
"P53858",892
"P53822",381
"Q12287",69
"P00045",113
"Q12389",995
"Q12517",231
"P21657",970
"P40526",253
"P31116",359
"P38773",246
"P32644",1121
"Q04110",302
"P47013",409
"P38333",483
"Q12050",791
"P41912",237
"P40030",148
"P40988",552
"Q06104",294
"Q12418",502
"P50082",593
"P38929",1173
"P38111",2368
"P89105",1077
"P40087",428
"P0CH64",225
"Q06143",298
"O13577",133
"Q07505",273
"P38774",246
"P48510",373
"P53871",357
"P32626",227
"P53246",860
"P38604",731
"Q08421",412
"P43592",221
"P39521",936
"P36170",1169
"P15646",327
"Q12035",217
"Q08559",129
"Q99339",116
"P47011",380
"Q12142",997
"P41815",604
"P47158",497
"P14724",124
"P08004",1131
"O13297",549
"P39976",496
"P47120",325
"Q02647",92
"P39998",551
"P39009",513
"Q02884",456
"P43555",445
"P40217",347
"Q03769",411
"P53199",349
"P53198",216
"Q06340",456
"P39719",783
"Q06179",2628
"P38783",130
"P11709",440
"P09119",513
"P22516",861
"P00431",361
"P33313",385
"P08679",460
"P53859",292
"P53388",608
"P38859",1522
"P38307",211
"Q03212",550
"Q06673",1274
"P32803",203
"P43572",832
"P53200",248
"P40456",1118
"Q12452",347
"P38819",212
"P09201",348
"Q03254",732
"Q12178",158
"Q08023",583
"P38884",321
"Q04371",470
"P43639",278
"P00401",534
"Q07788",383
"P38428",203
"P08678",2026
"Q08923",506
"P46963",296
"P24309",405
"P43550",591
"P89113",61
"P18962",818
"Q12086",430
"P09624",499
"P33309",386
"P47110",350
"Q08729",430
"Q05785",613
"P12754",651
"P36053",145
"P25358",347
"P32474",517
"Q05040",523
"P53121",802
"P40491",155
"P52923",378
"P41695",1021
"O94143",102
"P53894",756
"P20438",545
"P00420",269
"Q05924",578
"P37298",181
"P13382",1468
"P15436",1097
"Q12025",205
"P42835",1041
"P53970",246
"P43561",622
"P40020",876
"Q12247",151
"P40056",285
"P38229",639
"P38903",757
"P53954",548
"P03876",854
"P85052",153
"P26448",306
"P25558",1636
"P39988",312
"P39101",391
"P39525",442
"P40558",293
"P53195",279
"P0CX12",379
"P40465",213
"Q05080",669
"P40442",995
"P38719",431
"P53063",387
"P38195",257
"Q02710",187
"P53733",91
"P40962",232
"P49955",971
"P33335",543
"P40317",901
"P22213",666
"P09007",221
"P38985",146
"P53874",792
"P08067",215
"Q06078",939
"P53058",206
"Q12071",889
"Q12424",762
"Q12307",118
"Q12257",170
"P48568",277
"O13588",104
"P25600",308
"A0A023PZE8",133
"P38215",129
"P38318",560
"Q3E7Z8",88
"P38109",508
"Q96VG5",65
"P0CX68",440
"P53962",389
"Q04116",353
"P43622",192
"Q12088",1755
"P53960",456
"P53963",612
"P0C2I8",440
"Q05863",155
"Q06146",321
"Q06127",126
"P0C5P7",76
"A0A023PZJ9",123
"P53308",114
"O13579",124
"P53210",297
"P53888",131
"P36134",250
"Q06695",132
"P53925",644
"Q12351",137
"Q8TGT2",49
"P43591",353
"P0C5Q1",40
"P0C272",63
"P43546",152
"Q3E7B4",63
"Q02873",248
"P0C5R6",56
"P47098",1755
"Q6Q5F3",151
"Q03099",1374
"P0C5R9",85
"P0CX73",440
"Q12486",218
"P40028",759
"Q6Q5H1",440
"P0C0V2",99
"P0CF36",145
"A0A023PZD0",216
"P0C5N0",62
"Q3E782",47
"A0A023PZI9",157
"Q12010",308
"P38992",349
"P32584",239
"P00958",751
"P15180",591
"P40045",126
"P53230",385
"Q12297",353
"Q08749",192
"Q06412",1307
"Q08562",1619
"P12887",359
"P15732",148
"Q07963",1872
"Q07454",984
"Q07613",109
"Q12301",547
"P14680",807
"A0A023PYD9",177
"P87288",108
"P25562",171
"P87273",111
"P37264",122
"Q04434",166
"P87264",108
"P0C5L1",78
"P38216",128
"P32788",280
"Q2V2Q2",79
"Q3E819",63
"P38780",354
"P0C2I5",1755
"P53967",105
"Q45U48",73
"P0CF21",127
"P53272",402
"P0CL42",160
"P53247",123
"Q02598",104
"Q08736",102
"P50089",785
"P40543",189
"P36042",193
"Q08241",117
"Q6B0Y1",158
"Q8TGL3",69
"Q2V2P3",75
"O13564",114
"Q99401",129
"Q04276",118
"P0CL27",191
"A0A0B7P3V8",1104
"Q04304",227
"Q8TGQ9",29
"P0C5N7",58
"Q6B0X1",177
"A0A023PZE4",103
"P40211",102
"P53981",241
"A0A023PXI0",129
"Q04670",1755
"Q03508",461
"Q03263",540
"P31111",875
"Q12346",211
"P54113",591
"P38227",689
"Q35811",46
"P32641",659
"P01120",322
"P40339",323
"P38630",861
"Q06108",1083
"Q08961",583
"P0CX41",137
"P0CX84",120
"O14455",100
"P05744",107
"P17076",256
"P0CX33",63
"P42223",864
"P32578",815
"Q01476",1272
"P39967",754
"P54730",416
"Q12047",102
"P25608",368
"O13523",187
"Q07649",183
"P0C5M0",45
"P87267",123
"Q8TGR8",324
"Q12217",440
"Q6B113",34
"P38327",119
"P38357",123
"P39711",94
"P38184",103
"P38835",850
"P0CY03",43
"Q06251",628
"Q3E802",36
"P53243",804
"Q8TGT9",53
"P0C2J3",1770
"P40895",119
"P53229",120
"P46992",396
"P53921",115
"Q3E765",70
"O13565",187
"P53928",181
"P0C5R1",69
"P47087",207
"Q08912",624
"P0CY00",160
"P53891",406
"P0C5P3",30
"Q06689",675
"P43597",1233
"Q03083",165
"Q3E837",39
"Q12273",1755
"P47105",127
"Q02781",134
"Q8TGN1",49
"P47106",120
"Q8TGK9",57
"O13566",144
"P47101",745
"Q02826",108
"Q8TGL0",81
"O13548",118
"Q08974",193
"Q02961",396
"P0C5P1",38
"Q3E801",27
"P38721",697
"A0A023PXM2",81
"P40103",239
"A0A023PXJ3",115
"P53186",121
"Q12331",272
"A0A023PXK7",284
"P40446",119
"P53093",235
"Q07950",538
"P40496",264
"P29478",273
"Q05676",74
"Q04053",625
"Q02651",245
"Q12038",1033
"P32579",426
"Q06010",1027
"P38788",538
"Q06339",672
"P50078",622
"Q02721",264
"Q02208",771
"P29509",319
"P47168",421
"P25040",408
"P48412",387
"P53285",467
"P40343",622
"Q12121",372
"P39557",106
"Q07435",109
"P0CX65",440
"Q6Q571",112
"P53880",145
"P53907",740
"P0CX17",216
"P0C5P8",28
"Q08728",135
"Q08207",100
"Q12169",119
"Q8TGL6",69
"Q99248",730
"P0C5P9",54
"Q08533",101
"P0C5E1",128
"Q12439",438
"O13521",115
"Q12531",247
"Q02754",198
"P0CX60",440
"Q03208",357
"P53120",1219
"Q99337",1749
"P38708",688
"Q08922",127
"O13587",100
"Q12204",715
"Q8TGL9",27
"P0C271",40
"Q12070",107
"P40083",148
"Q08984",517
"Q3E834",85
"Q12470",440
"Q08994",102
"P0CL23",45
"P38745",532
"P51996",222
"P42843",763
"P38688",640
"P39990",126
"Q04748",898
"P41901",512
"Q08921",799
"P38756",429
"P39076",527
"Q07471",609
"P39933",429
"P49957",279
"Q12400",293
"P39961",794
"P00912",224
"P87269",146
"P38355",427
"P38194",122
"Q8TGK7",84
"Q12485",440
"P47028",122
"O13574",117
"P47012",105
"Q06267",115
"P47021",107
"P40361",888
"Q03886",80
"Q3E750",60
"P53227",271
"P53342",153
"P53908",130
"Q3E7Y7",49
"P43590",535
"Q3E742",68
"P53902",135
"Q6B0Y6",121
"Q08234",1294
"P0C5R0",36
"Q08621",117
"Q08321",113
"Q12282",236
"P47172",347
"P47078",108
"P0CL41",160
"Q8TGT0",57
"Q8TGU4",54
"P40095",573
"Q06102",208
"P40572",265
"P0CX20",1796
"O13583",123
"P18961",677
"Q12532",1038
"P40033",138
"P43612",1002
"P38072",301
"Q04964",104
"P42900",643
"Q12749",1114
"P06700",562
"P38088",690
"Q12218",487
"P47183",340
"P38426",1054
"P38825",639
"P53044",361
"P50101",1230
"P43593",499
"P33301",854
"O13554",104
"Q07655",649
"Q03433",280
"Q04338",217
"A0A023PXI4",105
"Q8TGP6",47
"Q12426",110
"Q8TGK5",160
"P38303",103
"Q8TGQ6",49
"Q3E781",34
"P38317",127
"P38309",107
"P38277",524
"Q45U18",67
"P53222",116
"P40889",1758
"P53288",203
"P50083",69
"P47092",110
"P0C2J4",438
"P53300",117
"Q08748",1289
"P53325",136
"Q8TGM9",89
"P53922",161
"P43599",363
"P0CE69",306
"P25637",258
"P0CX19",203
"P53084",216
"Q3E746",53
"Q03703",340
"P32795",747
"P53724",139
"P36516",390
"P36520",322
"P14063",131
"P10622",106
"Q01080",415
"Q08219",342
"P25443",254
"P32905",252
"P38429",201
"Q12443",393
"P53628",566
"Q01684",191
"P10080",294
"P47154",453
"P09436",1072
"Q07395",620
"O74700",87
"Q3E7C1",72
"Q08282",695
"Q03010",460
"P40463",436
"P40453",1071
"Q03714",838
"Q12363",437
"Q12016",184
"P25630",102
"P0C5L7",38
"Q3E774",43
"P0CX22",1796
"Q12172",810
"P38829",231
"Q3E7X9",67
"P05756",151
"P32832",435
"P38890",526
"Q02825",467
"P38200",338
"P53011",349
"P45978",349
"P40090",624
"P18888",332
"Q12074",293
"P53540",846
"Q06524",206
"P40468",2376
"P38967",592
"P07806",1104
"P47058",250
"Q03761",539
"P09880",827
"Q03796",238
"Q06451",622
"P34760",196
"P53250",332
"P0CG63",381
"Q05776",175
"Q06682",500
"P38329",1120
"P47165",209
"Q12416",295
"Q07555",291
"P39563",99
"P25036",478
"P20434",215
"Q04847",553
"P40016",523
"P43588",306
"P0CX40",200
"P38120",278
"P22470",610
"P40204",77
"Q08963",238
"P39742",193
"Q04675",128
"P11792",824
"P25554",259
"P40561",250
"P33303",322
"Q00772",484
"Q12306",101
"P48232",102
"P40072",274
"Q12232",587
"P36169",355
"P35210",1082
"P33757",523
"P15179",658
"P53538",206
"P53312",427
"Q03175",343
"P27796",417
"P32830",109
"Q08919",783
"P38962",199
"P25652",171
"Q07738",123
"P39548",234
"O13522",166
"P0C1Z1",29
"P0CX95",160
"Q04093",687
"Q03935",383
"Q3E821",79
"P38240",142
"P38275",133
"P38185",102
"Q12312",125
"Q12130",139
"Q3E771",56
"P53242",292
"Q3E786",66
"Q3E7Z5",69
"P0CE96",114
"P47090",510
"Q3E809",52
"Q8TGS9",76
"Q6B0Y5",42
"Q99208",1374
"Q07967",263
"Q06188",304
"P40166",100
"Q08419",115
"Q12391",440
"P47126",109
"Q12222",375
"P53758",84
"Q12274",175
"Q08980",353
"P39953",335
"A0A023PXH6",127
"P53108",310
"Q3E7B5",62
"Q07804",573
"P20433",221
"P32349",654
"Q05468",723
"P41057",56
"P07280",144
"P05759",152
"P53305",110
"P17883",1432
"P32558",1035
"P50875",604
"P06844",337
"P32916",621
"Q05021",590
"P53040",516
"P57744",87
"P40071",706
"P38238",310
"P35169",2470
"Q07878",3144
"P0C2I2",1755
"Q12352",117
"Q12240",137
"Q8TGP7",34
"P39559",98
"P87283",123
"Q8TGR5",104
"Q02217",200
"O13511",128
"P38749",330
"A0A023PZH1",118
"Q03612",1755
"P87191",123
"A0A023PXB9",121
"Q02896",317
"P39725",102
"P25383",438
"P0C2J5",1598
"P46986",105
"P33199",130
"P0CI67",198
"O13553",144
"O13532",107
"P0C5Q2",26
"O13544",120
"Q06170",240
"P40560",513
"P47022",219
"P53870",558
"Q3E807",68
"A0A023PZG9",121
"P53912",376
"Q08498",113
"P0CL33",64
"Q06537",140
"P38893",341
"A0A023PZI4",120
"P35723",206
"Q04838",102
"P53735",605
"P54999",86
"P21801",266
"P38128",452
"Q02100",647
"P38925",575
"Q12516",437
"Q12505",502
"P53201",476
"P09959",803
"P38789",453
"P42883",340
"Q02776",476
"P16120",514
"Q05024",226
"P21734",215
"P39547",235
"Q06263",330
"Q06696",566
"Q03964",440
"P25349",247
"D6VPM8",179
"Q12264",106
"P0C261",129
"P53316",781
"P36127",104
"P36015",200
"Q8TGL2",66
"P36138",183
"Q3E7A6",36
"Q08789",138
"Q08915",147
"P53857",426
"Q12322",202
"P34245",136
"P36061",205
"Q06522",304
"P32792",385
"P0CX97",160
"Q06107",315
"P0C5R7",72
"P38750",627
"P53749",607
"Q04711",1755
"Q03434",1755
"Q04214",1755
"P38900",624
"P39523",943
"P40490",117
"P40218",223
"P53584",459
"P40455",235
"P39977",110
"Q12077",108
"P41930",458
"P54000",292
"P47153",279
"P46677",1066
"P53322",534
"P40308",642
"P43534",340
"P06786",1428
"P38319",544
"P20049",452
"P39001",836
"P34247",250
"P25361",127
"P0C2I3",1755
"Q03823",816
"P0CX89",111
"O13533",98
"P40105",1681
"P34240",503
"P36150",593
"Q06677",668
"P13574",688
"P38085",619
"P50105",388
"O13539",261
"P00937",484
"Q12094",313
"P40003",282
"P37370",817
"Q03388",795
"P39904",641
"Q07410",141
"Q07530",308
"Q04585",715
"Q05503",100
"P0C5M2",81
"P0C5M6",65
"Q3E7B0",37
"Q07658",213
"P38258",127
"P47118",141
"P38189",126
"P38842",239
"A0A023PXP4",132
"Q2V2P6",80
"Q8TGM4",44
"P46987",611
"P53209",190
"P40326",108
"Q3E769",90
"Q8TGM1",34
"P0C5R4",46
"P53340",73
"Q3E805",51
"P0C5P5",77
"Q12506",109
"P53862",258
"O13560",100
"Q07880",148
"P40536",118
"Q99318",101
"Q99326",363
"Q3E7Z9",31
"Q02749",293
"O13567",102
"Q04502",122
"P40022",185
"Q12179",454
"O13568",135
"Q08964",1102
"P47062",111
"P32616",141
"P0C5N6",59
"Q8TGS4",35
"A0A023PYF7",126
"P0CX76",440
"P0CX15",1859
"P39992",682
"P0CX14",1859
"P0C0X0",67
"Q03124",581
"Q03799",155
"Q12136",610
"P40084",226
"Q12745",709
"P32608",588
"P38968",1273
"P38164",1038
"P38247",162
"P08458",490
"P25345",492
"P11325",894
"Q07921",160
"P15625",503
"P47030",604
"Q03533",586
"P53552",1597
"P27654",210
"Q08975",551
"P13099",656
"P33122",291
"Q12063",375
"P38349",436
"P47161",811
"Q02725",835
"P40438",1549
"Q03494",1770
"P25657",155
"P0C5M7",63
"P0C1V3",61
"P0C5M8",29
"Q8TGP3",30
"Q04925",415
"P87271",102
"O13512",126
"P87274",156
"P87272",115
"Q03049",344
"Q03619",1755
"P0C5M4",75
"A0A023PYE9",183
"P38350",133
"P89495",111
"P38150",797
"Q8TGU6",64
"P38268",175
"P38362",165
"P53265",400
"P53185",909
"Q8TGR1",33
"Q3E740",77
"P53310",102
"Q05898",108
"P53213",109
"Q12173",290
"Q3E825",87
"Q06199",204
"Q08465",219
"Q12012",251
"Q08172",172
"P36111",568
"P36133",167
"P34251",309
"P0CF20",169
"P36067",173
"Q03629",201
"P47072",561
"Q06595",470
"Q03177",834
"Q08958",114
"P53151",121
"P47159",448
"P53097",103
"A0A023PXL1",197
"Q8TGN3",28
"Q08927",131
"A0A023PZH5",115
"Q8TGK1",99
"P53740",393
"Q3E843",45
"P53726",119
"P42840",284
"P40104",122
"P40101",306
"P0CX61",438
"Q04867",317
"Q8TGS7",28
"P0C5Q6",74
"Q04175",944
"P53616",420
"P39980",628
"P38699",743
"P47079",568
"Q12109",432
"P25638",111
"P42949",149
"Q12004",338
"Q03290",321
"P53840",1238
"Q12441",440
"P36031",110
"Q6B0Y7",121
"P40057",128
"P53056",76
"Q03187",267
"Q3E7A8",72
"P47053",257
"P0C5N4",26
"P0C5M9",85
"P53752",436
"Q8TGU3",33
"P0CD97",72
"P42844",174
"P00931",707
"P39538",1254
"P40041",505
"P40046",129
"Q07629",317
"Q00590",100
"A0A023PZE6",104
"Q3E6R5",114
"Q8TGP2",70
"O13513",116
"Q12023",107
"Q03362",224
"P39109",1515
"P0CX16",216
"Q8TGP5",62
"Q3E756",94
"P38209",133
"P38202",106
"Q8TGQ2",116
"P38178",141
"Q12528",110
"Q12288",251
"P38799",552
"P38775",560
"Q06235",118
"P38776",514
"P42942",411
"Q05899",129
"O13531",108
"P47091",120
"O13530",119
"Q08842",122
"P38733",133
"P36071",126
"P36140",101
"P36151",352
"Q3E7B9",74
"P0CX58",440
"P47174",117
"P38763",256
"Q08953",137
"Q04436",120
"O13517",100
"P0C5Q8",48
"A0A023PYH0",136
"Q04299",284
"Q6Q5P6",413
"P53979",125
"Q3E817",63
"Q04706",440
"P40500",205
"P28625",365
"P54786",942
"P41920",201
"P53066",181
"P38163",1010
"Q07084",712
"D6VTK4",431
"P32597",1359
"P39078",528
"P53215",237
"Q06490",572
"Q01852",431
"P53851",422
"Q12415",435
"P32837",571
"Q02767",242
"Q03864",110
"Q3E796",67
"Q03904",111
"P87282",123
"Q03193",310
"A0A023PYD0",140
"P87287",132
"P40574",245
"Q12489",107
"Q2V2P7",80
"P39703",215
"P89888",203
"Q7M4S9",792
"Q3E794",53
"Q12266",440
"Q3E7Y5",667
"P90471",74
"P38331",238
"P39728",267
"P38252",199
"P47004",100
"P0C5N3",154
"Q3E747",85
"Q12269",1755
"P53307",113
"P53278",816
"P53269",259
"Q08681",100
"O94085",183
"P53291",111
"Q3E826",78
"A0A023PZK9",126
"Q08811",116
"Q3E824",90
"P43540",174
"P0CF00",54
"P43617",309
"Q04203",84
"Q06594",109
"Q08995",1032
"P53100",379
"Q3E751",87
"P0C5R8",61
"P40058",173
"A0A023PYG1",162
"O13535",1793
"A0A023PXE5",117
"P53750",290
"A0A023PZD5",153
"Q03219",274
"A0A023PXQ9",102
"A0A023PXH2",111
"Q03695",313
"P0C270",34
"P0CX69",440
"Q6B0Z2",105
"P43562",540
"P47043",880
"Q06325",596
"P38815",214
"P12954",1174
"P32343",579
"P54003",302
"P39077",534
"P48527",492
"Q12000",345
"Q04235",462
"Q03337",283
"P25650",117
"A0A023PZ94",102
"Q03780",787
"Q05612",105
"A0A023PZC7",188
"A0A023PZG5",101
"Q8TGR4",48
"P38299",523
"P34224",193
"P38177",466
"P53952",270
"P42936",225
"A0A023PYI2",110
"P53240",122
"P53293",376
"P35995",705
"Q12484",108
"P0C5Q9",33
"P43538",392
"Q3E806",69
"Q07986",203
"Q8TGJ0",55
"Q07927",99
"Q12244",843
"Q8TGS1",66
"P43608",114
"Q02864",156
"Q12492",139
"Q2V2P0",78
"Q6B108",100
"P53975",284
"A0A023PXD3",107
"Q06177",86
"P10863",254
"P53299",105
"Q08144",397
"P29055",345
"P32897",222
"Q07824",586
"P38334",175
"Q08960",810
"Q04179",340
"P52488",636
"P34223",423
"Q05934",901
"P38358",474
"P40151",587
"P53853",264
"Q03308",798
"P25601",146
"Q8TGP8",144
"P46951",817
"P39015",273
"P38359",859
"P38714",643
"Q05506",607
"P40328",754
"P40085",556
"P35189",244
"P16649",713
"Q04500",899
"P47075",721
"P48569",320
"Q3E818",50
"Q12115",100
"Q8TGP9",58
"A0A023PYC6",104
"P25607",182
"Q3E7A2",54
"Q04069",103
"Q08182",245
"Q12491",1770
"P38220",110
"Q8TGQ5",29
"Q2V2Q3",67
"Q3E787",52
"P53169",641
"P47044",245
"P53964",284
"Q06676",274
"O13573",101
"P47038",131
"P53268",129
"Q99219",290
"A0A023PZF9",107
"Q03885",199
"Q8TGN5",46
"P53249",370
"O14468",76
"Q8TGU1",46
"Q12182",319
"P47086",261
"P53878",407
"P46994",122
"P40523",627
"Q08956",461
"P40169",301
"P53910",189
"O13556",202
"P36089",147
"P40579",254
"P38722",271
"P40575",100
"P40323",161
"Q03080",316
"P0CL29",191
"P53138",107
"P47131",105
"P38765",294
"P53827",115
"P0C2J0",1756
"A0A023PXE8",106
"Q8TGN6",216
"P38616",354
"P53182",67
"Q03648",457
"Q8TGK0",99
"Q3E758",44
"A0A023PXQ4",394
"P40448",117
"A0A023PYJ7",116
"P40440",109
"P53162",154
"Q12324",675
"Q06224",779
"P36019",220
"P36166",706
"Q03713",159
"P03871",373
"P25332",333
"P0C0W9",174
"P02406",149
"P0CX43",217
"P0CX42",137
"P51402",88
"Q04599",285
"P40858",161
"P38064",232
"P20436",146
"P27999",122
"Q12277",265
"P40042",185
"P39735",261
"P40963",338
"P38255",430
"Q3E784",85
"P39723",622
"P38717",1229
"P38228",572
"P47988",759
"P36100",482
"P53228",333
"Q05998",598
"P32802",667
"P33890",251
"P54857",326
"P38288",455
"P12689",985
"P43556",714
"P49166",88
"P49626",362
"P43620",662
"P34087",171
"P38961",392
"P0CX55",146
"P0C0W1",130
"P39931",234
"P46670",268
"P39515",158
"P00927",576
"P34163",548
"Q12009",286
"Q03774",444
"Q03860",143
"P27515",501
"Q04006",179
"P50102",471
"P39937",518
"P25610",124
"P53343",120
"P12383",1068
"Q07362",185
"P42841",465
"P38361",574
"P28005",173
"P07283",254
"Q06892",414
"Q04119",674
"P33775",817
"P46971",762
"P15938",1071
"P53174",237
"Q03776",544
"Q12146",194
"P39677",819
"Q08745",105
"P40161",455
"P34218",831
"P40505",327
"Q04951",389
"Q08490",590
"P47166",707
"P40541",1150
"P53315",255
"P36131",295
"P32603",445
"P46944",698
"P38151",413
"Q12515",295
"P53112",341
"P38244",976
"P32609",515
"P47180",361
"P07270",312
"P32383",869
"P32523",503
"P19956",98
"Q04598",105
"Q07915",199
"P32529",125
"P10964",1664
"Q04693",1361
"Q01163",450
"P38175",177
"P14693",329
"Q08986",587
"Q03656",742
"P36094",363
"P35208",640
"Q06563",197
"P39965",576
"P48606",106
"P04801",734
"Q04226",346
"Q08687",178
"P0CF16",290
"P43604",169
"P40522",640
"P53297",722
"P39108",375
"P16862",959
"P28795",441
"P38264",188
"P17157",305
"P40091",420
"P28004",379
"P38009",592
"P08518",1224
"Q3E7Y3",130
"P0CX37",236
"P32368",623
"P53850",401
"P48415",2195
"P30619",724
"P35735",353
"P53148",917
"P47037",1230
"P32583",406
"P53038",688
"Q12030",206
"P15019",335
"P87108",93
"Q04600",565
"P41338",398
"Q12052",315
"P38816",342
"Q08217",1101
"Q9ZZW3",50
"P11154",1178
"P07259",2214
"P25301",460
"P38623",610
"Q08003",200
"P40188",164
"Q12300",763
"P36526",146
"P22138",1203
"P38805",295
"P53942",307
"Q04740",348
"P53437",365
"P46784",105
"P0CX52",143
"P35997",82
"P33419",253
"P17123",173
"P38915",602
"P40342",146
"P12866",1290
"P40528",902
"Q07381",788
"P26370",528
"Q04411",772
"P36026",717
"P43123",477
"P40080",203
"P32563",840
"P38969",423
"P19881",312
"Q12445",299
"Q01939",405
"P07274",126
"P53549",437
"P42946",383
"Q12498",284
"P25299",296
"P32388",137
"Q01855",142
"Q08932",381
"P40548",159
"P38343",150
"P34164",415
"P04802",557
"P38839",148
"P09547",1314
"P36077",127
"P11484",613
"P36101",447
"P36142",418
"Q04562",672
"P29056",596
"Q06163",884
"Q08693",809
"P17536",199
"P33753",639
"P34219",525
"P22803",104
"P38427",1098
"P19812",1950
"P40547",921
"Q03246",237
"P53289",263
"P38272",425
"Q04401",133
"P53953",876
"P43682",97
"Q12314",213
"P41808",388
"P54867",378
"P00445",154
"Q12104",458
"Q12153",453
"P01098",86
"Q03067",99
"P13393",240
"Q12466",1186
"Q12379",170
"P12612",559
"P89886",181
"Q12049",470
"P41835",540
"Q12308",588
"P12685",1235
"P49334",152
"P40061",1430
"P07285",380
"P06104",172
"P32861",499
"P28263",218
"P39944",805
"Q02931",896
"P53146",245
"P53950",1165
"P32366",345
"P38155",120
"P48363",199
"P40975",43
"P25043",261
"P40359",213
"P32565",945
"Q04712",507
"P02407",136
"P25582",841
"P53127",1403
"P53824",298
"Q06134",477
"P25294",352
"P42845",420
"P38707",554
"P54860",961
"P38067",497
"Q01477",912
"P29340",183
"P53076",958
"P38784",181
"Q99385",411
"P25594",458
"P40890",1549
"P38281",316
"P39011",633
"P00729",532
"P47818",322
"P53188",120
"P00546",298
"P53865",581
"P00427",148
"Q06705",408
"P47977",285
"P53202",744
"Q03220",320
"P53854",179
"Q04895",635
"P32471",206
"P38712",501
"Q12149",733
"P39939",119
"Q05900",231
"Q03940",463
"P43589",448
"Q08968",688
"P32564",187
"Q07798",868
"Q06707",132
"P32917",917
"P36097",1038
"P00899",507
"P38290",277
"P25591",423
"P32913",551
"Q99231",1755
"Q04923",97
"A0A023PYH8",122
"P53336",341
"Q12744",133
"Q08504",108
"Q08216",224
"Q08521",101
"P36086",256
"Q08272",129
"Q12225",109
"P36065",132
"Q02872",168
"P53105",115
"Q8TGS2",50
"P38730",149
"P0CL40",160
"Q06523",435
"P40049",302
"A0A023PYK2",111
"Q04210",160
"P38899",603
"P0CL32",64
"Q08993",238
"Q8TGT5",39
"A0A023PZH4",101
"P53980",444
"P38374",65
"P19955",123
"P50110",327
"P39954",449
"Q12108",567
"P20134",766
"Q12118",346
"P03878",556
"Q04398",127
"P38778",549
"Q06315",1026
"Q03406",294
"Q08204",1093
"P40014",221
"P38704",541
"P25379",360
"P31377",255
"P15731",148
"Q02159",165
"P40055",554
"A0A023PXH4",145
"P25654",182
"O13515",117
"Q8TGV0",26
"Q3E741",30
"Q07509",169
"A0A023PYF4",145
"Q3E7X8",1277
"Q12185",396
"P0CX71",440
"P40017",923
"Q3E762",66
"P0C5L2",88
"P38320",171
"Q12490",1755
"P38296",124
"Q3E755",54
"P0C5L5",24
"P38269",119
"O13562",129
"P53211",109
"P53326",701
"P42947",387
"Q8TGT7",37
"Q06158",115
"Q8TGM3",30
"P0CX67",440
"O13543",109
"Q02209",353
"P0CF33",103
"P36128",141
"P34231",750
"Q07895",862
"P35725",167
"Q6Q572",108
"Q08756",102
"Q12177",298
"Q06813",372
"Q3E7A5",60
"P47107",1121
"Q3E736",78
"Q3E841",98
"Q08916",105
"Q06821",456
"P47173",342
"Q06089",161
"P47157",116
"Q02831",240
"P40062",109
"P53842",139
"P47184",120
"P0C5N8",60
"A0A023PXF5",105
"Q12152",901
"P0CX91",67
"Q04223",302
"Q04909",80
"A0A023PXC2",115
"Q04835",414
"P40483",696
"P20107",442
"P36018",234
"Q02206",625
"Q01590",340
"P28791",383
"Q04279",960
"P23201",1466
"P38283",698
"Q12420",587
"Q12133",184
"Q02793",397
"P40031",143
"Q8TGM6",124
"P36104",329
"Q07748",340
"Q03322",224
"P40552",269
"Q02724",621
"P40150",613
"P24276",1250
"P06784",515
"P08425",469
"P33339",1025
"P48561",642
"P80967",50
"P32893",560
"P0C5L8",45
"Q03900",495
"P87281",107
"Q03855",1755
"Q03057",142
"Q05530",114
"Q8TGR7",38
"A0A023PXJ7",106
"A0A023PYD7",172
"Q8TGQ3",39
"P34215",104
"P53217",278
"Q05948",407
"P38870",785
"A0A023PZK4",127
"A0A023PXN9",150
"A0A023PZE9",123
"P48238",217
"Q3E744",92
"P47009",104
"P53329",174
"P47094",133
"Q8TGR0",75
"P36155",307
"P40524",105
"P53876",108
"Q8TGQ8",70
"P40163",203
"P43537",175
"Q08903",112
"P36073",130
"P36099",201
"Q08187",201
"Q08743",309
"Q86ZR7",236
"P0CX74",440
"P0C5P0",93
"Q12079",277
"P0C5R5",86
"P39971",216
"O13582",124
"P0C5Q7",72
"P47181",346
"P47188",116
"A0A023PXF2",106
"P47080",104
"Q6B0R7",102
"P0C5N5",34
"P43578",164
"P25368",297
"P14127",136
"P43609",557
"P48164",190
"Q12234",484
"P53969",484
"Q03919",77
"P32602",292
"Q04195",904
"P32568",1501
"Q03868",1245
"Q00947",519
"Q05471",1514
"P23202",354
"P22515",1024
"Q04305",513
"P32912",316
"P04840",283
"P23968",213
"P34761",661
"Q08831",523
"P22219",1454
"P20795",691
"Q08924",1013
"P47111",140
"P25631",222
"O13518",139
"P46655",708
"P02557",457
"Q9URQ3",322
"P09734",445
"Q06836",1226
"P40040",218
"P32367",649
"P40032",644
"P53257",314
"P35180",183
"P48836",114
"Q04602",768
"P25347",104
"A0A023PXB0",110
"P0CI66",198
"P38223",100
"Q12260",438
"P38306",217
"A0A023PXH5",47
"Q3E778",34
"P0CY05",43
"Q99296",730
"P53234",283
"P0C2I6",1755
"Q8TGN7",72
"P53225",103
"O13542",113
"P38806",282
"P53263",149
"P43539",102
"P0C5P4",50
"Q3E7A7",99
"P40521",94
"Q8TGJ7",56
"Q04471",368
"Q08222",106
"Q08439",144
"P0CL39",160
"P39973",112
"Q04521",102
"A0A023PZM3",137
"Q3E828",52
"Q04674",123
"P53831",123
"Q08976",102
"P53826",146
"P38087",329
"Q8TGS5",35
"P32939",208
"Q05515",481
"P40310",691
"P25372",127
"P0CF17",737
"Q04511",668
"P38627",578
"Q03327",502
"Q12151",913
"Q08926",304
"P25386",1790
"P25639",631
"P25350",157
"P25351",611
"P0CX88",111
"P25352",136
"Q04597",100
"P0CX66",440
"P0CL37",159
"P0CX57",440
"Q8TGR3",71
"P46683",200
"Q8TGU8",32
"P38311",105
"P38315",674
"Q3E7Y4",105
"P38235",358
"Q3E820",49
"P38083",404
"I2HB52",66
"Q96VG6",88
"P25577",312
"Q3E816",71
"P0CX72",440
"A0A023PXG7",101
"O13550",116
"P53947",316
"Q2V2P5",75
"Q05867",314
"A0A023PXP7",132
"Q08909",290
"Q7LHG5",1498
"O13576",127
"Q08872",117
"Q8TGL4",86
"Q12496",1037
"Q08205",117
"Q3E7Y8",44
"Q08540",154
"A5Z2X5",72
"P47099",440
"Q06116",2489
"Q3E7Z2",85
"P47115",236
"O13586",101
"P40082",130
"Q8TGT3",32
"P53139",140
"P38887",602
"Q12219",294
"P53821",84
"P40503",102
"P40461",129
"P40497",633
"P0C074",85
"P10663",115
"P40856",1058
"Q08985",325
"P21825",274
"Q03529",384
"P53189",542
"Q04002",1493
"Q04438",115
"P38282",291
"P22579",1536
"P34111",1160
"Q02648",567
"P38342",320
"P53241",593
"P38735",1592
"Q03631",944
"P53832",503
"P30822",1084
"P47142",202
"P38959",992
"Q03430",361
"Q12078",473
"P38956",169
"P25357",1226
"P23615",1451
"Q08646",371
"P32591",825
"P53873",357
"P22217",103
"Q12281",103
"P25602",247
"Q12027",708
"P25614",215
"P0C5M1",34
"P0CX70",440
"O13527",1196
"Q12111",104
"Q03482",75
"P0C5M3",85
"P25384",1770
"Q96VH1",84
"P34220",418
"P38183",143
"P54072",576
"P38867",453
"P38868",163
"P38809",366
"Q8TGU0",28
"P0C5N1",53
"P0C2I7",1755
"P36058",169
"Q2V2P4",73
"Q06493",454
"P53270",476
"P53845",314
"P53321",146
"P40519",144
"P0CE97",114
"P33324",310
"Q8TGM8",30
"P36030",115
"P40544",346
"P0CE99",70
"Q08900",122
"Q12249",139
"Q02981",657
"Q08954",240
"Q3E7Z1",64
"P53092",156
"P0C5S1",26
"O13537",118
"Q03231",154
"O13534",161
"P53156",320
"P53039",248
"Q8TGM0",37
"O13559",1382
"P38079",344
"P11075",2009
"P36068",246
"P11655",471
"P18759",758
"P40363",299
"Q07549",140
"P39929",240
"P52871",88
"P38114",1094
"P53065",400
"P36421",394
"Q12328",207
"P23644",387
"Q04120",196
"P38254",753
"P38237",781
"P32630",166
"Q12208",290
"P32610",256
"Q06685",1146
"P38739",605
"Q12215",556
"Q07993",356
"P04050",1733
"P36160",344
"P32385",249
"P53117",311
"P13433",1351
"P0CX34",63
"P36056",628
"P39743",482
"P32909",740
"Q06160",661
"P46676",1062
"P50104",949
"P38198",1513
"P37296",890
"P36164",337
"P33296",250
"P31412",392
"Q04311",632
"P42839",908
"P53262",265
"P22203",233
"Q03944",604
"O13584",106
"P38759",282
"Q12135",159
"Q12235",531
"P25606",316
"P38190",124
"P39710",102
"P38188",114
"P53956",172
"P43625",151
"Q06137",509
"Q05854",1341
"Q12293",438
"P39542",402
"P0CX96",160
"P53282",124
"P40152",326
"Q08110",124
"P36025",268
"P36079",204
"Q08240",163
"Q07811",101
"P40168",261
"P0CF34",1048
"P53071",178
"P53049",1477
"P38690",423
"P0CX98",160
"P0C2I9",1755
"Q12112",1755
"P40102",141
"P53754",272
"P47139",656
"P47152",169
"A0A023PZL2",124
"Q6B0X2",106
"P40001",126
"A0A023PZH9",153
"Q04814",134
"Q03649",449
"Q8TGT4",77
"P43566",106
"P43580",148
"P38555",223
"P53047",317
"P17558",318
"P32914",102
"P39007",718
"Q06817",618
"P13188",809
"P25623",870
"P38854",504
"Q06417",326
"Q05027",157
"P35202",319
"Q3E764",64
"P38141",450
"Q08224",551
"P46678",594
"Q12043",749
"P46959",383
"Q12272",230
"Q03784",219
"P38187",747
"P52491",188
"P21373",530
"Q12241",283
"Q12339",254
"Q12206",467
"O13549",108
"P21576",704
"P52917",437
"Q12407",687
"P38966",869
"Q12195",79
"A0A023PZA9",115
"Q03983",463
"P87263",166
"P0C269",39
"P32386",1661
"P38243",211
"P37263",153
"P25571",164
"P25572",119
"Q04013",314
"P40009",630
"P0C5P6",37
"Q12327",114
"P43624",122
"Q3E732",38
"Q06247",608
"P53212",290
"P53205",108
"P53190",111
"P53929",270
"Q08157",551
"P43552",160
"P53906",100
"P36158",585
"O13545",129
"P36109",125
"Q8TGL1",26
"P0C5P2",29
"P0CL38",160
"Q99345",113
"Q07978",186
"Q12155",161
"Q3E7Y9",61
"P53144",215
"Q03102",365
"P38726",115
"P47121",122
"Q06616",221
"P53155",381
"P47100",1755
"P53098",57
"P53069",104
"P38786",293
"Q12100",620
"P47052",634
"P32432",683
"P40092",148
"P18480",905
"Q03085",281
"Q04629",336
"P38960",494
"Q07478",446
"P32048",576
"P53904",254
"P40462",946
"P54837",211
"P32318",326
"P41814",478
"P28584",889
"P32356",751
"P15565",570
"P53283",614
"P04786",769
"P38709",493
"Q12229",455
"Q12220",943
"P17255",1071
"P40498",721
"P42826",600
"Q04100",135
"P0CX90",67
"O42831",157
"P87266",191
"Q96VG8",41
"P38180",368
"P38171",102
"P38716",378
"P43607",289
"Q12242",671
"Q03201",203
"Q04003",481
"P32607",177
"P33754",206
"Q12098",748
"P33336",771
"P53327",1967
"P32790",1244
"Q12368",194
"P53101",465
"P38123",315
"P04803",379
"P32776",642
"P32600",2474
"Q03390",229
"P43585",828
"A0A023PZA4",116
"Q12448",114
"Q03787",373
"A0A023PXH9",235
"Q03480",137
"Q3E7Z7",40
"P39564",161
"A0A023PZE2",109
"Q12210",107
"A0A023PXD5",136
"Q8TGP4",53
"Q04162",555
"Q3E791",96
"A0A023PZB8",112
"Q8TGK6",75
"P38214",139
"P25593",260
"Q8TGQ4",31
"P38168",104
"P0C268",59
"Q96VH2",84
"Q08027",131
"Q8TGP1",76
"P0CL26",75
"P40520",121
"P0CX64",1770
"P39541",233
"P40556",373
"Q12501",1770
"Q06051",157
"P0CL36",160
"P35736",922
"Q08734",132
"Q12275",1648
"Q6B0Y8",125
"Q08532",130
"Q08018",140
"Q02659",185
"Q03186",124
"Q870I1",96
"P47024",1803
"P53143",142
"P0CT86",78
"P0CL35",160
"P53134",725
"P0C5S0",95
"Q08989",487
"P53054",175
"P53110",370
"P53126",111
"Q3E7A3",74
"P53087",161
"P53133",265
"P53132",145
"P47137",282
"Q8TGL8",51
"P47063",138
"P47151",130
"A0A023PYH5",124
"Q8TGR2",95
"Q05451",56
"P39989",153
"P38146",199
"Q05543",409
"Q04969",178
"P42943",550
"Q07914",168
"P53147",276
"P06785",304
"P36096",758
"Q05947",369
"P50623",157
"P42945",1769
"Q12045",647
"P53254",1237
"P40570",242
"P38932",577
"Q05497",695
"Q07438",124
"Q3E6R4",66
"P38256",230
"P38081",501
"Q8TGU5",39
"P38173",110
"P38841",114
"Q12138",136
"A0A023PXN3",127
"Q06252",201
"Q99315",1547
"Q03884",112
"P40896",331
"P0CL24",45
"P53216",100
"P40162",140
"Q07834",825
"P40542",124
"P40891",150
"Q07881",127
"Q12026",108
"Q08411",143
"Q08634",303
"Q08816",343
"Q08270",108
"Q08206",761
"Q06204",433
"P0CX59",440
"Q8TGN2",85
"Q04526",418
"Q03161",297
"Q08604",109
"P53089",101
"Q12139",1133
"P47023",414
"Q8TGT6",29
"P53103",107
"P53717",134
"P40052",210
"Q04336",1088
"Q04773",145
"P53837",131
"P40076",114
"P0C5Q5",64
"P40341",825
"P38280",609
"P39978",195
"P50111",915
"P22082",1703
"Q08581",821
"Q03782",492
"P09937",338
"P38637",319
"Q06466",467
"P07273",309
"P38793",499
"Q00764",495
"Q3E790",80
"Q04767",167
"Q06672",205
"P38152",299
"P32773",286
"P14682",295
"Q02354",440
"P39968",578
"Q07468",1049
"P36172",582
"P33418",1100
"P40489",647
"P39702",1274
"P36095",224
"Q03788",91
"Q03483",438
"Q06640",478
"Q12148",100
"Q8TGR6",39
"Q07746",117
"Q05510",147
"Q04608",324
"O13514",125
"P87261",201
"P87270",130
"A0A023PXK2",192
"A0A023PXA5",189
"P0CX18",203
"Q8TGU7",68
"P0C5L3",47
"P38354",144
"P38142",488
"Q3E830",75
"P25575",107
"P53274",230
"Q8TGN8",31
"A0A023PZF3",158
"Q3E739",70
"P0C2J2",438
"P0CF22",210
"P39532",115
"P0C5R2",82
"Q08238",132
"Q07990",161
"P53926",123
"Q8TGT1",49
"P38298",316
"Q07451",203
"O13536",103
"P0CX94",160
"A0A023PXD9",105
"P0CX63",1770
"P0CL25",75
"P53757",342
"P53160",108
"P53723",404
"P40000",116
"P53819",1859
"P53292",345
"P32902",394
"Q07458",294
"P32855",1065
"P38314",527
"P38810",929
"Q04902",237
"P35177",1332
"P53277",215
"Q04372",366
"P53882",636
"P39079",546
"P36165",910
"Q12383",476
"P07213",617
"Q12256",659
"P41834",346
"P40478",281
"P41807",478
"P25515",160
"Q03897",1148
"Q07535",126
"Q07793",1604
"P40445",542
"Q03730",393
"P53828",104
"P28707",216
"O14464",93
"P15303",768
"P36047",338
"P03882",235
"P36136",271
"P32380",944
"P20424",541
"P53866",767
"P32908",1225
"P38904",1435
"P36024",562
"P07284",462
"P32643",299
"Q12116",473
"P38811",3744
"Q03496",1420
"Q03280",3268
"P32571",926
"P35194",2493
"Q06679",776
"Q08474",114
"P32341",215
"P32842",164
"Q3E7B6",73
"P43582",211
"Q03913",190
"P25640",136
"P40917",295
"Q04408",483
"A0A023PZF5",109
"Q02590",73
"Q03418",163
"P38276",179
"O13541",116
"Q8TGP0",49
"P53948",110
"O13561",117
"P53245",111
"P0C2J6",438
"Q08259",102
"P53936",158
"Q12261",157
"P47014",750
"P36153",106
"P46996",555
"A0A023PXF8",147
"Q08910",206
"Q12040",230
"Q08786",185
"P0C5R3",77
"P53884",190
"Q12336",168
"P34249",101
"P36087",169
"Q08930",360
"P10356",443
"A0A023PZE1",111
"A0A023PYG5",108
"Q03697",442
"Q06681",1438
"Q04898",105
"P53303",486
"Q99260",215
"P01123",206
"P40063",208
"P06105",1222
"P39955",897
"P28778",131
"P53313",767
"P39000",512
"P46995",733
"P25648",1427
"P50088",95
"Q04477",213
"Q06411",708
"P23179",398
"Q99176",213
"P32867",290
"P16965",84
"P15624",595
"P38987",245
"Q99190",310
"P53738",135
"P40414",161
"Q99394",268
"Q06525",465
"P52490",153
"P34241",1764
"Q08747",228
"P38820",440
"P36137",443
"Q99344",299
"P18562",216
"Q04177",643
"P39111",118
"P38838",269
"P0C5L9",24
"Q07589",356
"Q12392",438
"Q2V2Q0",85
"O74302",440
"P0CX92",97
"P87285",100
"Q3E763",66
"A0A023PXI8",105
"P25563",115
"A0A023PYD3",111
"P38294",104
"Q3E7B7",68
"P38267",160
"P0CX31",135
"P07281",144
"P38781",883
"Q02950",344
"Q12330",94
"P47057",423
"P53541",631
"Q04921",423
"P46679",850
"P11972",698
"P35691",167
"P11747",167
"Q07904",523
"Q12463",433
"Q06266",489
"P16140",517
"P32319",1579
"P36116",164
"P29366",551
"Q03758",920
"P43132",505
"P40969",608
"P53223",239
"P12962",161
"P04037",155
"P69851",72
"Q06349",442
"P53095",428
"P25039",761
"P35195",104
"Q04067",274
"P38732",585
"P09032",578
"P35731",278
"P39721",246
"Q08981",209
"P53934",400
"Q05583",330
"P31384",837
"P53264",445
"Q3E731",98
"P28319",239
"Q06686",241
"Q06151",350
"P08432",466
"P54005",336
"P38823",416
"P39517",506
"Q99252",613
"P38836",430
"Q05958",814
"P42935",788
"Q12168",779
"P00924",437
"Q99382",181
"Q06344",628
"P43613",295
"Q04651",352
"P53918",673
"Q07541",149
"P52911",562
"Q03898",291
"P40214",342
"P53279",174
"P07251",545
"P41697",788
"Q99177",341
"P53741",515
"P53615",221
"P34237",679
"P07252",654
"P06243",507
"Q12084",232
"P34216",1381
"P47128",113
"Q08649",445
"Q04433",528
"P60010",375
"P13711",748
"P23180",465
"Q01976",231
"Q03818",150
"P39960",2167
"Q00684",551
"P35201",549
"Q12018",815
"P32178",256
"P41810",973
"P27680",312
"P22204",572
"P26343",269
"P18899",430
"Q06819",143
"Q12382",290
"P46681",530
"P41819",318
"P29547",415
"P16521",1044
"P53720",384
"Q12099",399
"P07149",2051
"P38140",529
"Q03661",1658
"P38913",306
"P32771",386
"P35734",292
"P0CX78",362
"Q12527",1178
"P32660",1571
"P53836",1060
"P32656",232
"P29029",562
"P38824",151
"P52868",283
"P32528",1835
"P38347",419
"Q05359",219
"P42222",437
"P25376",633
"P46983",293
"Q12691",1091
"P18496",279
"P50273",684
"P40955",746
"P43635",486
"Q12145",317
"Q02554",436
"P25603",130
"P53830",285
"P25618",953
"P21182",396
"P32460",244
"Q12123",353
"P33327",1092
"P36008",412
"P38213",736
"P53861",379
"P06103",763
"Q12013",749
"P32375",460
"P53933",587
"Q8TGM5",67
"Q06822",443
"P39945",430
"P32907",282
"P22804",142
"Q04347",519
"P40509",296
"P38909",366
"P43595",202
"P69771",204
"Q04217",1267
"P40553",215
"P07262",454
"P54861",757
"P36152",348
"P39540",310
"Q12283",360
"P27882",189
"P22136",580
"P00330",348
"P22108",325
"P40532",138
"P13586",950
"P21560",335
"Q06697",393
"P38779",376
"P32797",924
"P38930",258
"Q06440",651
"Q08226",957
"P38877",133
"Q03957",528
"P24784",617
"P31385",405
"Q08232",322
"P25615",582
"P47027",764
"P38737",1868
"Q04868",273
"Q12431",108
"P53938",366
"P24813",409
"P38328",384
"Q06071",122
"P53323",261
"P43583",2143
"Q05949",395
"P09440",975
"P06101",506
"Q06703",312
"Q06156",1176
"Q3E7A9",73
"P10174",60
"Q04216",342
"P32601",143
"Q12432",401
"P53255",507
"P0CX08",502
"Q05902",660
"Q3E840",82
"Q03071",99
"P40207",237
"Q04412",482
"P14540",359
"P38182",117
"P38077",311
"P36149",193
"P38084",609
"Q12291",365
"P05374",869
"P47167",239
"P38147",527
"Q3E835",90
"P53318",479
"P25355",563
"P21705",255
"P13663",365
"P54858",310
"P36022",4092
"P48235",211
"P38248",429
"Q07794",436
"P20606",190
"P17121",654
"P40316",373
"Q6Q595",175
"P53075",577
"P38337",142
"P38345",138
"Q06058",285
"Q12334",223
"P38262",535
"Q12158",566
"P36048",1008
"P22215",453
"P25390",1331
"Q03088",825
"P06783",470
"P48526",1002
"A0A023PZF2",135
"Q03205",200
"P25354",239
"Q8J0M4",134
"Q07355",123
"Q3E789",49
"P25565",263
"P0C5L0",52
"P38161",101
"P38239",180
"P38233",116
"P87012",153
"P0CY02",43
"P0CX75",440
"P38808",164
"Q12259",485
"A0A023PXG3",133
"A0A023PZJ3",112
"P53273",1036
"Q7LIF2",110
"P34238",112
"O13546",115
"P28320",278
"Q3E7Z4",54
"Q08844",703
"P38752",130
"P53747",219
"P53825",131
"P53181",101
"Q3E766",64
"P47059",104
"P53729",429
"Q12024",460
"Q08245",113
"P38831",101
"P47821",323
"P47002",699
"P40472",476
"P26637",1090
"P38758",523
"Q02457",562
"Q08231",455
"Q08579",599
"Q08686",304
"P53220",239
"Q07527",1436
"Q06385",345
"P47061",822
"Q07790",131
"Q12298",539
"Q12103",647
"Q99303",438
"P0C289",58
"A0A023PYE4",107
"Q07791",1770
"A0A023PZG0",170
"P40097",107
"Q3E776",120
"Q8TGQ1",68
"P38338",688
"P38253",122
"Q8TGQ0",78
"P38186",106
"P53232",107
"P0CE98",114
"Q05881",355
"Q03888",244
"Q8TGM2",46
"P0CY04",43
"P38864",112
"A0A023PYI5",133
"P36050",127
"Q8TGN0",38
"P53231",118
"P32475",115
"P53339",147
"Q3E832",53
"P53864",136
"P40539",132
"P40551",113
"P0CX99",160
"P36072",103
"Q8TGR9",32
"P47073",94
"A0A023PYJ4",111
"P53074",147
"P0C5Q3",49
"Q03236",431
"P53748",327
"P32331",307
"P38430",313
"Q04019",206
"Q12340",786
"P39926",295
"Q04545",1251
"P09733",447
"P53378",473
"P41895",735
"P23643",1011
"Q6Q5X2",51
"P39549",74
"P39566",99
"P87268",125
"A0A023PXC7",143
"A0A023PZC3",113
"P0C5K9",27
"Q8TGK4",73
"O43137",85
"P0C5L4",52
"P40538",142
"Q8TGT8",28
"Q12337",1770
"Q3E810",57
"P53302",121
"Q08373",112
"P53161",119
"P32622",495
"P43576",117
"Q04018",355
"Q03722",664
"P32527",433
"P40340",1379
"P35172",780
"P00942",248
"P38293",148
"P25037",809
"Q03785",461
"Q06708",880
"Q04301",562
"P39102",459
"Q04272",221
"P25629",148
"P53183",348
"P26725",428
"Q04869",349
"P40449",235
"P40517",327
"P38834",111
"P12688",680
"Q12458",312
"P32804",376
"Q12436",422
"P40898",147
"A2P2R3",262
"Q02203",525
"Q3E735",80
"P36092",106
"Q3E760",96
"A0A023PYJ0",108
"P43541",151
"Q03879",124
"Q07888",1374
"O13578",112
"Q08293",103
"P38729",150
"Q12253",270
"P0CY01",160
"P38727",235
"Q12251",326
"Q12113",1770
"P03881",472
"O13575",123
"Q3E737",44
"P40586",236
"Q8TGK8",94
"P47132",116
"P0C2J1",1755
"Q8TGL7",32
"P53116",101
"Q03759",105
"P53737",142
"Q12523",523
"Q12414",1755
"A0A023PXL7",144
"P28626",145
"P53977",112
"P0C5Q4",74
"Q8TGS6",29
"Q04978",212
"O13569",170
"P40537",1034
"Q03831",136
"Q3E838",28
"P53736",256
"P43637",560
"P12611",486
"Q12082",118
"P25620",114
"P42937",148
"P0CD98",152
"Q06152",274
"P53284",112
"Q08741",106
"Q3E795",98
"P36083",450
"Q06698",1435
"P53122",345
"P0CL34",160
"P53719",212
"A0A023PZL7",119
"I2HB70",103
"P39974",107
"Q04215",440
"P0C2I4",478
"Q3E815",49
"P39959",443
"A0A023PXM7",112
"P40434",1758
"P23561",717
"P53916",434
"P32774",122
"P40533",473
"P47045",478
"Q04183",1289
"Q03660",1102
"Q12159",226
"P18410",259
"P38326",303
"Q12254",260
"P33448",61
"P41806",77
"P38882",575
"P53276",713
"P22543",875
"P0C5E0",132
"P25617",290
"P37265",110
"P25561",117
"Q03051",99
"P38321",900
"Q96VH3",125
"Q12316",1755
"P0C5N2",42
"P47020",107
"P40365",116
"P0CX62",438
"P47003",119
"Q8TGN4",89
"Q3E7A0",39
"Q06479",807
"P36114",725
"P46991",170
"P39529",758
"P40892",196
"Q8TGJ4",38
"P32859",130
"Q06057",63
"P0CL30",191
"Q6B2I9",109
"P36103",277
"P36119",530
"Q12110",428
"P0CF18",432
"P34248",587
"P0CF19",215
"Q08543",101
"Q07989",106
"Q12402",180
"Q8TGJ8",73
"Q06839",1073
"O13520",182
"Q8TGQ7",33
"P53113",225
"P53106",192
"P34225",687
"Q08428",113
"P40355",935
"P47066",102
"P38322",136
"P0CL28",191
"Q8TGJ2",30
"Q03675",126
"Q3E767",46
"P0C5B8",160
"Q8TGS8",64
"Q08486",104
"Q08971",146
"P53820",52
"P53175",101
"Q03559",197
"Q3E842",84
"P47048",450
"Q04893",1140
"Q04897",101
"P15705",589
"Q04673",461
"P25302",1093
"P22438",575
"P48525",536
"P53072",289
"P28274",579
"P52492",156
"P40554",99
"Q8TGU2",87
"P36036",203
"Q07688",167
"Q06328",317
"O13572",173
"P0C0T4",108
"Q3E754",87
"P47150",247
"P32828",619
"P53965",281
"P35184",431
"P32900",734
"Q12267",1418
"P45819",413
"P23624",291
"P35209",758
"Q6WNK7",96
"P53599",1579
"Q02794",444
"P39073",555
"P40825",983
"Q03770",852
"P36085",766
"P48560",102
"Q03899",556
"Q03856",440
"P39550",113
"Q12147",103
"Q04033",374
"A0A023PZ99",116
"Q12193",1756
"P38201",376
"Q12174",109
"Q12141",1755
"P53957",106
"P38746",405
"Q3E813",49
"A0A023PZG4",107
"Q12085",440
"P53275",312
"O94086",168
"Q7LIF1",101
"Q3E7Z3",45
"Q12444",126
"P53887",122
"P40159",199
"P53932",642
"P35733",124
"P40514",678
"Q92392",440
"Q06070",228
"O13557",183
"P36074",111
"P53856",143
"Q12160",140
"O13519",122
"P47147",688
"P40584",110
"P46945",554
"P39972",122
"Q3E743",109
"Q04501",128
"P0C5N9",73
"P40587",230
"Q08990",100
"Q03207",126
"Q3E7Z0",62
"Q3E7Z6",27
"P53976",612
"P0C2J7",1802
"P40093",338
"P38898",153
"P32618",956
"P32843",850
"Q3E7B3",70
"P40583",537
"P53057",165
"Q6B0V7",65
"P32329",569
"P43587",155
"P38070",525
"Q12697",1472
"P21269",546
"P04821",1589
"P48237",864
"P25694",835
"P38843",316
"P38907",458
"P20486",150
"P52924",374
"Q05790",422
"P27697",501
"P38226",397
"P38865",189
"P20449",482
"P32347",362
"P53267",343
"Q03373",323
"Q03921",1698
"Q06053",668
"P53744",561
"P33314",1104
"P47136",1447
"P32639",2163
"P39714",382
"P53755",489
"P43571",1029
"P16522",626
"P38323",520
"Q04659",317
"P53239",316
"P23285",205
"P25334",318
"P49573",406
"P25616",317
"Q08949",612
"Q04516",312
"P40350",334
"Q06497",328
"Q04749",426
"P40501",490
"P05626",244
"P12630",587
"Q03941",241
"P27636",974
"P04039",78
"P19454",339
"P38308",924
"P40312",120
"P49956",741
"Q07533",885
"P53008",833
"P36120",742
"P38791",387
"P40564",432
"P23542",418
"P37254",787
"P48445",690
"Q2V2P9",66
"P38287",376
"P38723",381
"P31373",394
"P25719",182
"Q12248",94
"P15315",225
"P38818",585
"P46947",266
"Q08650",418
"P22580",549
"P47771",506
"Q06671",453
"P27351",700
"Q03153",612
"Q07992",125
"P38891",393
"P06182",269
"P32657",1468
"Q12468",440
"P07255",59
"P32344",111
"P36064",111
"P47081",118
"Q99321",188
"P40047",520
"Q03673",198
"Q06485",197
"P00854",259
"P81451",68
"P25337",157
"P28495",268
"Q12289",327
"Q08058",207
"P53959",839
"P0CX13",379
"P41811",889
"P53079",417
"P06106",444
"P36162",133
"P41817",306
"Q06218",594
"P25559",380
"P06773",312
"P35732",738
"Q01574",713
"P52910",683
"P38832",159
"P38700",605
"P19880",650
"Q04549",284
"Q06598",404
"P36062",692
"P40851",1208
"P17106",351
"P14066",229
"Q12127",133
"Q12453",761
"Q12114",671
"P00890",479
"P35190",452
"P00425",151
"Q04201",117
"Q12046",339
"P20448",770
"Q06032",482
"P0CX79",362
"P39524",1355
"Q08236",1176
"P35727",113
"Q08347",646
"P43568",368
"Q03702",353
"P36076",571
"P11433",854
"P32458",415
"Q12102",859
"Q03705",181
"P32943",380
"Q06549",142
"P47001",227
"P53197",566
"Q07897",291
"P40512",444
"P53053",380
"P00163",385
"Q01454",927
"Q03375",135
"P53734",629
"P47089",198
"P13483",248
"P06634",604
"P43633",760
"P53309",568
"P38153",483
"P09457",212
"P47039",444
"Q02948",557
"P53829",373
"P37267",147
"P43569",289
"Q7LHD1",136
"P30283",435
"Q02732",369
"P53280",1122
"Q03981",162
"P39103",70
"P21592",462
"P53728",308
"P14832",162
"P53333",577
"P32898",989
"P33304",620
"P53109",570
"P52893",592
"P43567",385
"P53930",226
"Q06596",294
"P00856",48
"P38360",1216
"Q05029",724
"P07258",411
"Q06675",368
"P22137",1653
"P38313",324
"Q12309",687
"P40452",197
"Q12150",2958
"P25651",190
"P53951",403
"P41902",69
"P53899",274
"P32772",223
"Q04228",584
"P40362",594
"P23642",535
"Q12187",109
"Q12394",121
"P0C5L6",82
"O13540",129
"Q2V2P2",73
"P53287",111
"Q8TGL5",26
"Q3E814",58
"P54007",376
"Q3E804",55
"P36098",137
"Q92393",1755
"Q07865",126
"P0C5Q0",46
"Q08503",116
"Q08620",132
"P34161",385
"P40588",61
"Q08560",144
"Q8TGJ1",51
"Q12243",111
"Q99395",206
"Q8TGS0",48
"Q3E775",16
"Q02606",381
"Q12058",100
"O13585",888
"Q12042",273
"P53085",113
"A0A023PXI5",187
"P47162",119
"Q03795",547
"Q07074",71
"Q6B0R2",128
"P0CX93",97
"P53751",1116
"P39983",233
"P40488",101
"P40004",342
"P38740",315
"Q12512",249
"Q6B0W0",111
"O13570",187
"P40021",1076
"Q6B0W2",109
"P0CL31",191
"P38279",296
"Q12303",508
"P48559",417
"P37262",315
"P46950",547
"P38863",823
"Q06688",274
"Q08491",747
"O94742",89
"Q12325",893
"Q6B2U8",126
"Q06510",381
"P41896",400
"Q08422",150
"Q04083",370
"P53507",60
"Q02863",499
"P47108",1174
"P36135",365
"P47049",396
"P53142",486
"Q05919",439
"Q04170",232
"P0CX21",1796
